xmin,ymin,xmax,ymax,filename,lat,lng
399793.06478517165,136535.45093999445,399853.06478517165,136595.45093999445,image_0.png,38.896938486729795,-77.00203965573934
400058.48696926335,135989.6937635579,400118.48696926335,136049.6937635579,image_1.png,38.8920221189675,-76.99898001922661
400858.0881066374,136445.11438260268,400918.0881066374,136505.11438260268,image_2.png,38.89612427135058,-76.98976250524815
401226.8321999224,135618.694223116,401286.8321999224,135678.694223116,image_3.png,38.888679122489165,-76.98551329502577
401317.1255802083,136842.79555951734,401377.1255802083,136902.79555951734,image_4.png,38.89970614364368,-76.98447014043374
401183.6975595456,136580.05391235458,401243.6975595456,136640.05391235458,image_5.png,38.89733946645585,-76.98600878225572
401184.6736906413,135869.6148781134,401244.6736906413,135929.6148781134,image_6.png,38.89093956901533,-76.98599878574011
401294.1485210281,136478.10233550903,401354.1485210281,136538.10233550903,image_7.png,38.89642089017321,-76.98473572629479
400741.9389822533,136754.90660575073,400801.9389822533,136814.90660575073,image_8.png,38.898915101634614,-76.99110107387959
400203.35253723984,136754.9283453408,400263.35253723984,136814.9283453408,image_9.png,38.898915605437935,-76.99730990784462
400858.9121152926,136162.94172629973,400918.9121152926,136222.94172629973,image_10.png,38.89358235576458,-76.98975337153836
400203.12666794943,135989.69786251368,400263.12666794943,136049.69786251368,image_11.png,38.892022129435766,-76.99731277134795
400203.43591784674,136512.17417778948,400263.43591784674,136572.17417778948,image_12.png,38.89672878800566,-76.99730902912398
400559.47530853376,135989.70327660904,400619.47530853376,136049.70327660904,image_13.png,38.89202201149178,-76.99320517488918
399793.016483437,136803.2544482484,399853.016483437,136863.2544482484,image_14.png,38.89935095751981,-77.00204028154458
401334.882103044,135744.11425104452,401394.882103044,135804.11425104452,image_15.png,38.88980879209649,-76.98426762343794
400607.41506098857,136032.66865021025,400667.41506098857,136092.66865021025,image_16.png,38.892409026062076,-76.99265253812047
401082.8938885878,136230.75672926093,401142.8938885878,136290.75672926093,image_17.png,38.89419300326988,-76.98717138891485
400815.5500948769,136582.0824094561,400875.5500948769,136642.0824094561,image_18.png,38.89735817108991,-76.99025269641838
400104.4302319912,135828.2643122515,400164.4302319912,135888.2643122515,image_19.png,38.890567896528616,-76.99845046724651
399792.6726826333,136007.26455409144,399852.6726826333,136067.26455409144,image_20.png,38.89218038973871,-77.0020440394454
400983.5453852853,135603.0602698929,401043.5453852853,135663.0602698929,image_21.png,38.88853860008097,-76.98831753034756
400302.1919926174,136512.16438361912,400362.1919926174,136572.16438361912,image_22.png,38.896728668004855,-76.99617060226099
401178.32734731067,136445.05791740114,401238.32734731067,136505.05791740114,image_23.png,38.896123380844415,-76.98607092623828
400607.9924885147,135672.0774594922,400667.9924885147,135732.0774594922,image_24.png,38.88916068563029,-76.9926462169633
400607.8320692028,135861.15711547478,400667.8320692028,135921.15711547478,image_25.png,38.890863986081314,-76.99264789050332
399834.40027898055,136070.72798308363,399894.40027898055,136130.72798308363,image_26.png,38.8927520992492,-77.00156306091925
401227.07218307076,136363.8533744696,401287.07218307076,136423.8533744696,image_27.png,38.89539179231588,-76.98550916550728
400203.2310936648,135869.8546268652,400263.2310936648,135929.8546268652,image_28.png,38.890942536947406,-76.99731160832482
400012.3437028803,136711.55439919245,400072.3437028803,136771.55439919245,image_29.png,38.89852490724648,-76.99951186372166
400406.3116625268,135828.08963488557,400466.3116625268,135888.08963488557,image_30.png,38.89056622497999,-76.99497078011197
400458.94205183664,135619.1098151095,400518.94205183664,135679.1098151095,image_31.png,38.88868362869317,-76.99436427577442
400301.6020127314,135619.23420225666,400361.6020127314,135679.23420225666,image_32.png,38.888684822642745,-76.99617783432615
400302.06276204885,135828.09703371706,400362.06276204885,135888.09703371706,image_33.png,38.890566337187735,-76.99617242262201
400704.82209600706,135544.290085453,400764.82209600706,135604.290085453,image_34.png,38.88800945323325,-76.99153025283088
399966.2519770529,136445.42183401002,400026.2519770529,136505.42183401002,image_35.png,38.89612748956704,-77.00004320558583
400302.3637605063,136112.84827369713,400362.3637605063,136172.84827369713,image_36.png,38.893131482032985,-76.99616881536421
400511.18204280373,136163.30431750714,400571.18204280373,136223.30431750714,image_37.png,38.89358590495225,-76.9937617099645
400816.4120886834,136862.529468303,400876.4120886834,136922.529468303,image_38.png,38.899884538504956,-76.9902424139965
399707.91669180914,136445.788360592,399767.91669180914,136505.788360592,image_39.png,38.896130752312594,-77.0030211830456
401025.6134475751,136691.24288279327,401085.6134475751,136751.24288279327,image_40.png,38.89834130098205,-76.98783096753702
400203.1413795495,136163.5578808856,400263.1413795495,136223.5578808856,image_41.png,38.89358832480493,-76.99731254277067
399750.00991373113,135870.275612653,399810.00991373113,135930.275612653,image_42.png,38.890946332757395,-77.00253576630249
400559.7420790373,135744.31368615894,400619.7420790373,135804.31368615894,image_43.png,38.88981145035674,-76.9932023104783
400511.14953560365,136667.5106880793,400571.14953560365,136727.5106880793,image_44.png,38.898127980044634,-76.9937616875054
400459.1366251756,135744.34003439156,400519.1366251756,135804.34003439156,image_45.png,38.889811749441144,-76.99436194390258
400858.4421211055,135807.94425320099,400918.4421211055,135867.94425320099,image_46.png,38.89038440720864,-76.98975924828792
399919.5819297733,135870.1242445593,399979.5819297733,135930.1242445593,image_47.png,38.890944995255516,-77.00058115546602
400476.28661282646,135921.2442699902,400536.28661282646,135981.2442699902,image_48.png,38.89140535915596,-76.99416413341679
400816.33355255367,136207.67092238535,400876.33355255367,136267.67092238535,image_49.png,38.89398533486238,-76.99024412616026
399792.52190407144,135869.97424164836,399852.52190407144,135929.97424164836,image_50.png,38.89094362750492,-77.00204574199516
400153.8366565747,136580.29954894248,400213.8366565747,136640.29954894248,image_51.png,38.897342497865914,-76.99788077452185
399876.1311192245,136234.05933022834,399936.1311192245,136294.05933022834,image_52.png,38.89422345372529,-77.00108205093665
400154.1127158426,136371.8573517654,400214.1127158426,136431.8573517654,image_53.png,38.895464774571884,-76.99787764803992
400252.5118591881,135744.5240430375,400312.5118591881,135804.5240430375,image_54.png,38.88981349773788,-76.99674361381531
400607.96780594747,135544.65426657803,400667.96780594747,135604.65426657803,image_55.png,38.88801280952999,-76.99264661977361
399920.27049659716,136535.39438885383,399980.27049659716,136595.39438885383,image_56.png,38.89693799369617,-77.00057326669776
401035.9471712704,136162.9673744178,401095.9471712704,136222.9673744178,image_57.png,38.89358238997968,-76.98771266084565
400704.84457123524,135589.5959859928,400764.84457123524,135649.5959859928,image_58.png,38.8884175858582,-76.99152994532349
400406.8598451309,136850.7877867995,400466.8598451309,136910.7877867995,image_59.png,38.899779064168825,-76.99496381105772
400153.69491495896,135989.90628126537,400213.69491495896,136049.90628126537,image_60.png,38.892024018667676,-76.9978825663486
401036.21870407776,136580.21467282387,401096.21870407776,136640.21467282387,image_61.png,38.89734110589095,-76.98770888326837
400344.7020130504,135989.994278533,400404.7020130504,136049.994278533,image_62.png,38.8920247507193,-76.99568084581857
400058.4271030891,136755.23001161322,400118.4271030891,136815.23001161322,image_63.png,38.89891834948152,-76.99898061076055
401150.1461586019,136756.26045242514,401210.1461586019,136816.26045242514,image_64.png,38.89892684432727,-76.98639525212597
400741.2150993501,135680.39532430636,400801.2150993501,135740.39532430636,image_65.png,38.88923550931163,-76.9911106250183
401280.68557746505,135869.47973604017,401340.68557746505,135929.47973604017,image_66.png,38.890938213708246,-76.98489208303263
399919.71192010917,136297.64433138183,399979.71192010917,136357.64433138183,image_67.png,38.89479625434239,-77.00057968839512
400956.87037623266,135676.3936294333,401016.87037623266,135736.3936294333,image_68.png,38.8891992449175,-76.98862489026756
399919.7578381075,135703.077794913,399979.7578381075,135763.077794913,image_69.png,38.889440178346014,-77.00057911560323
401316.24417324114,136512.05795305077,401376.24417324114,136572.05795305077,image_70.png,38.89672674117067,-76.98448094959593
400607.742062343,136162.764319583,400667.742062343,136222.764319583,image_71.png,38.893580975706946,-76.99264864802528
400816.88211557997,135680.68422641646,400876.88211557997,135740.68422641646,image_72.png,38.88923804221859,-76.99023845232446
399966.2819221769,136580.27221389432,400026.2819221769,136640.27221389432,image_73.png,38.8973422708365,-77.00004286112126
401129.80415957933,136512.2486480087,401189.80415957933,136572.2486480087,image_74.png,38.89672872476802,-76.98663016706237
399710.80288069125,136309.05373909336,399770.80288069125,136369.05373909336,image_75.png,38.89489899769849,-77.00298786071886
400704.666682162,136252.5808045837,400764.666682162,136312.5808045837,image_76.png,38.894390000008016,-76.99153128681269
399920.22191686323,136445.57436143528,399980.22191686323,136505.57436143528,image_77.png,38.89612886218837,-77.00057382020184
401226.9862469065,136207.67478707258,401286.9862469065,136267.67478707258,image_78.png,38.89398487842455,-76.98551044188687
400406.85201866034,136297.0643423031,400466.85201866034,136357.0643423031,image_79.png,38.894790922484226,-76.99496425341052
401143.5221746671,135989.07429645752,401203.5221746671,136049.07429645752,image_80.png,38.89201575979005,-76.98647292405946
400252.2268806609,135619.1597421,400312.2268806609,135679.1597421,image_81.png,38.8886841691141,-76.9967469501266
401226.86231321853,136478.68943639324,401286.86231321853,136538.68943639324,image_82.png,38.89642627776859,-76.98551137467278
401184.3628263345,135936.33415103765,401244.3628263345,135996.33415103765,image_83.png,38.89154060150057,-76.98600225106536
400012.4125310503,135949.86423375178,400072.4125310503,136009.86423375178,image_84.png,38.89166332319515,-76.99951111729762
400354.5877417493,136755.19801304035,400414.5877417493,136815.19801304035,image_85.png,38.898917981545516,-76.99556646559714
400012.55318458925,136850.9911007609,400072.55318458925,136910.9911007609,image_86.png,38.899781003217434,-76.99950944018822
399793.0018880782,136580.37438592996,399853.0018880782,136640.37438592996,image_87.png,38.897343173428176,-77.00204039237283
400816.7351996153,135635.19919898687,400876.7351996153,135695.19919898687,image_88.png,38.888828296133326,-76.99024020179625
401227.2421781931,136580.1244184027,401287.2421781931,136640.1244184027,image_89.png,38.897340040401296,-76.98550681009401
400704.91013450874,136540.77021595958,400764.91013450874,136600.77021595958,image_90.png,38.896986115313744,-76.99152817217303
400741.7820936801,136297.1327658011,400801.7820936801,136357.1327658011,image_91.png,38.89479130862941,-76.99110339679049
400203.5894758499,136371.8573528871,400263.5894758499,136431.8573528871,image_92.png,38.89546476282756,-76.99730730667027
400354.1620209552,135619.23831527337,400414.1620209552,135679.23831527337,image_93.png,38.88868483829907,-76.99557200851085
400996.27454361686,136031.36947412774,401056.27454361686,136091.36947412774,image_94.png,38.8923969546598,-76.98817016997911
400406.2520282286,135869.854255525,400466.2520282286,135929.854255525,image_95.png,38.89094245630093,-76.99497144097882
400542.54569582094,135877.97206256882,400602.54569582094,135937.97206256882,image_96.png,38.891015506337475,-76.99340041401196
400656.22378084966,135744.1742356703,400716.22378084966,135804.1742356703,image_97.png,38.88981012412071,-76.99209020979636
401021.8892832784,135851.25110391443,401081.8892832784,135911.25110391443,image_98.png,38.890774351126645,-76.98787518555349
401227.2877739526,136711.35183069305,401287.2877739526,136771.35183069305,image_99.png,38.898522184328584,-76.98550604429491
400104.14413456427,136144.8963428878,400164.14413456427,136204.8963428878,image_100.png,38.89342023546664,-76.99845370317587
400104.10197277664,135619.304197794,400164.10197277664,135679.304197794,image_101.png,38.88868550549712,-76.9984542917647
400815.8868161881,136711.67693563225,400875.8868161881,136771.67693563225,image_102.png,38.89852560513559,-76.9902486551933
399919.63250368537,136711.60730588523,399979.63250368537,136771.60730588523,image_103.png,38.89852538342592,-77.00058063420751
401361.8446075188,136866.34729909123,401421.8446075188,136926.34729909123,image_104.png,38.89991823649121,-76.9839545652731
400929.5617386769,135919.49942960672,400989.5617386769,135979.49942960672,image_105.png,38.89138926309904,-76.98893932233267
400145.47797179164,136093.221392815,400205.47797179164,136153.221392815,image_106.png,38.892954721149444,-76.997977255876
400899.9425422415,136369.64929517117,400959.9425422415,136429.64929517117,image_107.png,38.89544441100546,-76.98928012761509
400012.4016145822,136258.2242677499,400072.4016145822,136318.2242677499,image_108.png,38.89444114435359,-76.99951122409902
400252.79796166887,136755.01749204128,400312.79796166887,136815.01749204128,image_109.png,38.89891639398719,-76.99673990008552
400104.86194502393,136850.99430432942,400164.86194502393,136910.99430432942,image_110.png,38.89978102276111,-76.99844529026376
400607.71446044504,135950.3811471799,400667.71446044504,136010.3811471799,image_111.png,38.89166774947315,-76.9926491633313
400816.4220903125,136790.71359838074,400876.4220903125,136850.71359838074,image_112.png,38.89923759534856,-76.99024238718889
400012.3119324368,136580.2443908708,400072.3119324368,136640.2443908708,image_113.png,38.89734201918618,-76.9995122380579
400511.2904123331,135660.85436545374,400571.2904123331,135720.85436545374,image_114.png,38.88905964863688,-76.99376085661584
400012.10737688927,135909.99423914752,400072.10737688927,135969.99423914752,image_115.png,38.891304159462635,-76.99951463720602
400511.1820558947,135585.664200187,400571.1820558947,135645.664200187,image_116.png,38.88838230738837,-76.99376216479888
400354.51701413887,136445.11577927723,400414.51701413887,136505.11577927723,image_117.png,38.89612464842768,-76.99556745451389
401148.3726850857,135572.87021203042,401208.3726850857,135632.87021203042,image_118.png,38.88826643119282,-76.98641772649661
401213.36903525103,136331.7661710385,401273.36903525103,136391.7661710385,image_119.png,38.89510275853192,-76.98566718590537
400511.3513463475,136032.81893642174,400571.3513463475,136092.81893642174,image_120.png,38.892410444298434,-76.99375986119244
401226.6832018217,135533.44620579586,401286.6832018217,135593.44620579586,image_121.png,38.88791117641966,-76.98551516834203
400899.9771232025,136297.2343535195,400959.9771232025,136357.2343535195,image_122.png,38.894792070652876,-76.98927982701193
399835.2380944884,136755.3785403351,399895.2380944884,136815.3785403351,image_123.png,38.898919681599594,-77.00155353770664
400778.7654176396,136076.97766595893,400838.7654176396,136136.97766595893,image_124.png,38.89280803714586,-76.99067733619971
400816.1320980961,136445.08438164572,400876.1320980961,136505.08438164572,image_125.png,38.89612404247535,-76.99024615596198
401113.87383954535,136162.8483128077,401173.87383954535,136222.8483128077,image_126.png,38.89358121948761,-76.98681438820708
399750.18185602076,135744.75462879046,399810.18185602076,135804.75462879046,image_127.png,38.88981559285146,-77.00253374421243
401349.073010915,136162.69017554913,401409.073010915,136222.69017554913,image_128.png,38.89357945743481,-76.98410321111741
400741.8307021789,136543.31972416973,400801.8307021789,136603.31972416973,image_129.png,38.89700905056885,-76.99110255986875
400983.2790737575,135551.01618988576,401043.2790737575,135611.01618988576,image_130.png,38.88806976769086,-76.98832067669251
399756.31188708125,136296.64432747872,399816.31188708125,136356.64432747872,image_131.png,38.894787221407626,-77.00246325777069
400704.2134120615,136033.09920098018,400764.2134120615,136093.09920098018,image_132.png,38.892412829110356,-76.99153674634285
400012.3067622354,136535.23765850122,400072.3067622354,136595.23765850122,image_133.png,38.896936582200766,-76.99951230043054
400263.0958295956,136032.522271668,400323.0958295956,136092.522271668,image_134.png,38.892407889650734,-76.99662149432817
399792.84486102726,136850.98551897745,399852.84486102726,136910.98551897745,image_135.png,38.89978093611351,-77.00204227233276
401308.34057937586,136623.95586446903,401368.34057937586,136683.95586446903,image_136.png,38.89773477022062,-76.98457184156574
400104.6359558354,136371.8573506439,400164.6359558354,136431.8573506439,image_137.png,38.89546478353157,-76.99844798940974
400857.7721238458,135680.96422740028,400917.7721238458,135740.96422740028,image_138.png,38.889240524233514,-76.98976713517074
400511.21784218063,136076.31408175622,400571.21784218063,136136.31408175622,image_139.png,38.89280226475588,-76.99376136582718
401058.08216008224,135870.13427035956,401118.08216008224,135930.13427035956,image_140.png,38.89094441368457,-76.98745797114421
400656.3469869091,136580.17387461397,400716.3469869091,136640.17387461397,image_141.png,38.897341117031694,-76.99208795448004
400741.8655650003,135807.3571119425,400801.8655650003,135867.3571119425,image_142.png,38.89037922809929,-76.99110298483085
400104.2619644202,135989.74427303378,400164.2619644202,136049.74427303378,image_143.png,38.89202256817657,-76.9984523752558
400656.2216100332,136297.24854799776,400716.2216100332,136357.24854799776,image_144.png,38.89479242258936,-76.99208968240964
400302.0819910547,136580.07439740736,400362.0819910547,136640.07439740736,image_145.png,38.897340426117445,-76.99617183749368
400104.2556777407,136711.8095512956,400164.2556777407,136771.8095512956,image_146.png,38.89852719651631,-76.99845230661168
400203.2518680013,136580.45037580066,400263.2518680013,136640.45037580066,image_147.png,38.89734384484611,-76.99731112760607
399792.6063348813,135909.7976277264,399852.6063348813,135969.7976277264,image_148.png,38.89130237142494,-77.00204477906598
400858.0595969505,136297.23435257238,400918.0595969505,136357.23435257238,image_149.png,38.89479211398824,-76.98976302505798
401213.34009572514,136759.8098016771,401273.34009572514,136819.8098016771,image_150.png,38.898958731032835,-76.98566674477675
400302.2331053181,136850.9176537923,400362.2331053181,136910.9176537923,image_151.png,38.89978027982729,-76.99616996449075
400012.1504133252,136395.9581967928,400072.1504133252,136455.9581967928,image_152.png,38.89568190206388,-76.99951411131929
399877.7178892582,135989.7525211525,399937.7178892582,136049.7525211525,image_153.png,38.892022647887565,-77.00106372701163
401067.1250521192,136712.9190611383,401127.1250521192,136772.9190611383,image_154.png,38.89853651699033,-76.98735239026674
400153.47675845004,135619.20198133786,400213.47675845004,135679.20198133786,image_155.png,38.88868457577518,-76.99788518000915
400704.8373339848,136563.17262050672,400764.8373339848,136623.17262050672,image_156.png,38.89718792436937,-76.9915289874322
400510.9320486505,135903.16426466795,400570.9320486505,135963.16426466795,image_157.png,38.89124246710173,-76.99376479650223
400406.9305119983,135913.6015826653,400466.9305119983,135973.6015826653,image_158.png,38.89133654818877,-76.99496359245977
400704.5420899982,135806.79424948143,400764.5420899982,135866.79424948143,image_159.png,38.89037418960009,-76.99153319962578
400354.54571757675,136297.16586054373,400414.54571757675,136357.16586054373,image_160.png,38.89479186143418,-76.99556720644901
399920.2519138184,136580.30438879936,399980.2519138184,136640.30438879936,image_161.png,38.897342559279906,-77.00057348416672
401081.1376728439,136445.46283062777,401141.1376728439,136505.46283062777,image_162.png,38.89612715666737,-76.98719128599645
400301.68132132216,135702.7085301674,400361.68132132216,135762.7085301674,image_163.png,38.889436790740056,-76.9961768798918
401308.2284633864,136041.00274006394,401368.2284633864,136101.00274006394,image_164.png,38.892483315175035,-76.98457426958112
401226.9621875984,136163.04433368254,401286.9621875984,136223.04433368254,image_165.png,38.893582830896236,-76.9855108008791
399792.9856524758,136347.1709993942,399852.9856524758,136407.1709993942,image_166.png,38.89524239233427,-77.00204051944269
400459.1711342556,136297.76345272525,400519.1711342556,136357.76345272525,image_167.png,38.89479719277163,-76.99436115210047
400511.2436959008,135702.5946904911,400571.2436959008,135762.5946904911,image_168.png,38.889435661192586,-76.99376136220987
400301.8115838137,135660.97120222484,400361.8115838137,135720.97120222484,image_169.png,38.88906080516245,-76.99617539857842
401132.3721669411,136230.32434520303,401192.3721669411,136290.32434520303,image_170.png,38.894189044166914,-76.98660104094762
400104.31194904866,136668.3644108514,400164.31194904866,136728.3644108514,image_171.png,38.89813582699236,-76.99845166641316
400704.5901859071,135897.9791137028,400764.5901859071,135957.9791137028,image_172.png,38.8911956168448,-76.99153254775123
400984.5521251333,136755.11444843057,401044.5521251333,136815.11444843057,image_173.png,38.89891672742649,-76.98830422503514
400704.55297077796,135943.57191741746,400764.55297077796,136003.57191741746,image_174.png,38.891606333821244,-76.99153292797749
400354.3220052422,136580.12436231552,400414.3220052422,136640.12436231552,image_175.png,38.89734085493288,-76.99556962696127
401031.8244952622,136297.15151066607,401091.8244952622,136357.15151066607,image_176.png,38.89479117500967,-76.98775997618306
401080.7516207795,135744.21761760357,401140.7516207795,135804.21761760357,image_177.png,38.889810081063146,-76.98719686996222
400302.10700418684,136000.91927978583,400362.10700418684,136060.91927978583,image_178.png,38.892123184308254,-76.99617182912058
400984.1547475021,136546.074397921,401044.1547475021,136606.074397921,image_179.png,38.897033619510594,-76.98830911462538
399793.0880819904,136201.47102797916,399853.0880819904,136261.47102797916,image_180.png,38.89392987351782,-77.00203930117475
400406.9967224798,136406.99983201423,400466.9967224798,136466.99983201423,image_181.png,38.89578126154274,-76.99496251542854
399920.00250388857,136803.20641736258,399980.00250388857,136863.20641736258,image_182.png,38.89935054123498,-77.00057637552902
400975.15263046115,135819.8875337792,401035.15263046115,135879.8875337792,image_183.png,38.8904918710534,-76.98841395090615
400901.6208536747,136119.61955883107,400961.6208536747,136179.61955883107,image_184.png,38.89319204947177,-76.98926112000628
400406.722034004,135619.1442046203,400466.722034004,135679.1442046203,image_185.png,38.88868396597738,-76.99496618270211
399707.9121222397,136580.62166893468,399767.9121222397,136640.62166893468,image_186.png,38.89734537979255,-77.00302128716278
400656.02717680513,135989.12914396534,400716.02717680513,136049.12914396534,image_187.png,38.89201676945039,-76.9920922313807
399920.04439177504,136396.26434568077,399980.04439177504,136456.26434568077,image_188.png,38.89568465955603,-77.00057586304852
399793.16148381506,136490.52753063646,399853.16148381506,136550.52753063646,image_189.png,38.896533800338545,-77.00203852946235
400012.2341939949,136490.2308213358,400072.2341939949,136550.2308213358,image_190.png,38.896531144245266,-76.99951313974229
400144.02840459876,136231.64954408718,400204.02840459876,136291.64954408718,image_191.png,38.89420173327178,-76.99799393005094
400406.87670554034,136802.8610770587,400466.87670554034,136862.8610770587,image_192.png,38.899347323146,-76.99496364716985
400302.18200717395,135869.92425318243,400362.18200717395,135929.92425318243,image_193.png,38.89094313234783,-76.99617102790076
400607.7803996812,136850.70446217014,400667.7803996812,136910.70446217014,image_194.png,38.89977819073691,-76.99264756741826
400301.8653720437,135539.13402905816,400361.8653720437,135599.13402905816,image_195.png,38.88796324997691,-76.99617483743724
399877.4980532535,136297.5943304145,399937.4980532535,136357.5943304145,image_196.png,38.89479580048698,-77.00106630248821
400406.672021657,136163.31431513574,400466.672021657,136223.31431513574,image_197.png,38.89358605313841,-76.99496641331207
400406.8443892737,135575.54414680527,400466.8443892737,135635.54414680527,image_198.png,38.88829120016546,-76.99496480010986
400983.07514778315,135743.38224291598,401043.07514778315,135803.38224291598,image_199.png,38.889802673675,-76.98832274357413
401348.3578083225,136754.84920627464,401408.3578083225,136814.84920627464,image_200.png,38.89891384286442,-76.98411026724673
400895.3306648746,135807.94839695387,400955.3306648746,135867.94839695387,image_201.png,38.890384406485126,-76.98933404735432
400941.9993038817,136444.83391947884,401001.9993038817,136504.83391947884,image_202.png,38.896121656061474,-76.98879521374371
400184.7172009533,136073.0523293998,400244.7172009533,136133.0523293998,image_203.png,38.89277302205753,-76.99752494945102
400779.1935326055,135807.6112489906,400839.1935326055,135867.6112489906,image_204.png,38.89038148389591,-76.99067271855412
400511.12737875886,136711.183913799,400571.12737875886,136771.183913799,image_205.png,38.89852140424779,-76.99376190852372
400104.0548596277,136256.39544087803,400164.0548596277,136316.39544087803,image_206.png,38.89442466041082,-76.99845471050327
400301.8020099377,135744.4442276876,400361.8020099377,135804.4442276876,image_207.png,38.88981276151063,-76.9961754686219
400354.3270731341,135744.39486752107,400414.3270731341,135804.39486752107,image_208.png,38.88981229546346,-76.99557003605412
400575.9232931262,136457.02822071567,400635.9232931262,136517.02822071567,image_209.png,38.89623183531758,-76.99301516839022
400011.5919502767,135786.57769381136,400071.5919502767,135846.57769381136,image_210.png,38.890192377178785,-76.99952058589012
400531.590864683,135614.9034472054,400591.590864683,135674.9034472054,image_211.png,38.88864569274305,-76.99352690252998
401124.0346747568,136162.83735691104,401184.0346747568,136222.83735691104,image_212.png,38.89358110751325,-76.98669726269812
401308.3797593327,136252.34440563884,401368.3797593327,136312.34440563884,image_213.png,38.89438715862517,-76.98457211388651
400104.28196713544,135869.98424871615,400164.28196713544,135929.98424871615,image_214.png,38.890943725311296,-76.99845216809268
399792.72903047345,135828.2479269166,399852.72903047345,135888.2479269166,image_215.png,38.890567741328894,-77.00204334373949
401227.0878369663,136546.27452235142,401287.0878369663,136606.27452235142,image_216.png,38.897035108475045,-76.98550865124648
400983.9699187749,136478.49444663277,401043.9699187749,136538.49444663277,image_217.png,38.896424834947005,-76.98831134502718
400104.510026861,136334.68583954952,400164.510026861,136394.68583954952,image_218.png,38.89512992897345,-76.99844944832898
399965.6919391002,135870.1242455997,400025.6919391002,135930.1242455997,image_219.png,38.89094499670005,-77.00004965785341
400104.2678470934,135949.82426484977,400164.2678470934,136009.82426484977,image_220.png,38.89166295391039,-76.99845231524813
400778.75782099087,135989.5409668995,400838.75782099087,136049.5409668995,image_221.png,38.89202037496575,-76.99067752669279
400655.3946237879,135828.01053785376,400715.3946237879,135888.01053785376,image_222.png,38.890565353543124,-76.99209968348406
400704.35208582075,135989.16428651704,400764.35208582075,136049.16428651704,image_223.png,38.89201704698949,-76.99153519481477
400607.8071167965,136252.4176737545,400667.8071167965,136312.4176737545,image_224.png,38.894388606074585,-76.99264781490072
400406.87314808485,136033.3614862477,400466.87314808485,136093.3614862477,image_225.png,38.89241538991554,-76.99496417753096
399750.13089467294,135989.25789281688,399810.13089467294,136049.25789281688,image_226.png,38.89201816944103,-77.00253440986366
400816.02182957594,135898.63858473982,400876.02182957594,135958.63858473982,image_227.png,38.89120145743461,-76.99024810000107
400983.72558495065,135775.5570136797,401043.72558495065,135835.5570136797,image_228.png,38.89009251530878,-76.98831519881077
401184.9170250858,136163.02464483044,401244.9170250858,136223.02464483044,image_229.png,38.89358271264242,-76.98599546205011
400104.71534085873,136408.4458338167,400164.71534085873,136468.4458338167,image_230.png,38.89579438594847,-76.9984470671272
400406.58375195443,135786.32194704423,400466.58375195443,135846.32194704423,image_231.png,38.8901899658981,-76.99496767036712
401100.24978874694,135880.8884217001,401160.24978874694,135940.8884217001,image_232.png,38.891041237888864,-76.98697189860586
400816.0573154166,136033.3042449578,400876.0573154166,136093.3042449578,image_233.png,38.89241457570097,-76.99024752513384
399919.5419326062,135744.73421909142,399979.5419326062,135804.73421909142,image_234.png,38.889815435025895,-77.00058160729418
399793.03432993713,135579.2807739352,399853.03432993713,135639.2807739352,image_235.png,38.88832495183021,-77.00203976053143
399919.9853286114,136123.6257930188,399979.9853286114,136183.6257930188,image_236.png,38.89322863131268,-77.00057652405056
400012.475567981,136803.1577579398,400072.475567981,136863.1577579398,image_237.png,38.89935010328903,-76.99951033792252
400011.59195122233,135744.80422118874,400071.59195122233,135804.80422118874,image_238.png,38.88981606609518,-76.9995205884079
400816.17095622065,136120.01447930097,400876.17095622065,136180.01447930097,image_239.png,38.89319569346093,-76.99024610840594
399793.1880038373,136239.41775059208,399853.1880038373,136299.41775059208,image_240.png,38.89427171157701,-77.00203815912053
400607.9977524425,136395.97127950465,400667.9977524425,136455.97127950465,image_241.png,38.895681789416415,-76.99264548407405
400406.77934910136,135660.94757029356,400466.77934910136,135720.94757029356,image_242.png,38.88906054639471,-76.9949654954942
400778.9621080781,136297.14382718678,400838.9621080781,136357.14382718678,image_243.png,38.89479137484717,-76.99067480969845
399834.8749973713,135870.07965918013,399894.8749973713,135930.07965918013,image_244.png,38.89094458467519,-77.00155754936814
400957.1210804254,135534.47786007627,401017.1210804254,135594.47786007627,image_245.png,38.887920813930116,-76.9886222044158
400058.52699562494,136445.07815424062,400118.52699562494,136505.07815424062,image_246.png,38.896124389124836,-76.99897949916686
400984.4229812691,136712.1858900188,401044.4229812691,136772.1858900188,image_247.png,38.89853001164787,-76.98830577720307
401308.37220102985,136297.05436274846,401368.37220102985,136357.05436274846,image_248.png,38.894789922340024,-76.98457211391253
400559.4649264553,136163.4035303134,400619.4649264553,136223.4035303134,image_249.png,38.89358676764915,-76.99320514553119
400182.5570299246,136251.94020414553,400242.5570299246,136311.94020414553,image_250.png,38.8943845105255,-76.99754979445072
400983.59225902444,136119.27452630576,401043.59225902444,136179.27452630576,image_251.png,38.89318885060343,-76.9883162285324
400011.6682786457,135828.35107998608,400071.6682786457,135888.35107998608,image_252.png,38.89056868745507,-76.99951970354957
400672.57113943534,136507.28797369084,400732.57113943534,136567.28797369084,image_253.png,38.89668452154452,-76.99190100083548
400704.63493693096,136667.48447342505,400764.63493693096,136727.48447342505,image_254.png,38.89812760349097,-76.99153120905899
400459.64201896026,136755.10443652212,400519.64201896026,136815.10443652212,image_255.png,38.898917086335686,-76.99435539806973
400406.9090170472,136368.8853568963,400466.9090170472,136428.8853568963,image_256.png,38.895437912463365,-76.99496355069397
400252.80677227804,136445.23010237273,400312.80677227804,136505.23010237273,image_257.png,38.896125716896385,-76.99673992605176
399919.8974301463,135579.6308581386,399979.8974301463,135639.6308581386,image_258.png,38.88832812190333,-77.00057749759605
400406.51173370896,136623.810017035,400466.51173370896,136683.810017035,image_259.png,38.897734366776845,-76.99496796837583
400476.869935608,136405.44454987417,400536.869935608,136465.44454987417,image_260.png,38.89576721348234,-76.9941570523378
400983.9321368907,136231.3943420532,401043.9321368907,136291.3943420532,image_261.png,38.894198866828965,-76.9883121452583
401334.49895360466,135869.36170762224,401394.49895360466,135929.36170762224,image_262.png,38.89093706858942,-76.98427179109578
400574.21206219064,135870.23425941294,400634.21206219064,135930.23425941294,image_263.png,38.89094578012842,-76.9930354108121
400704.4507090525,136395.85100207676,400764.4507090525,136455.85100207676,image_264.png,38.89568063062181,-76.9915336232298
400741.4486902764,136076.87655400624,400801.4486902764,136136.87655400624,image_265.png,38.89280715983,-76.99110748737249
400203.22170165525,135744.5220157913,400263.22170165525,135804.5220157913,image_266.png,38.889813493932934,-76.9973117591264
401280.8351478613,136365.37469291335,401340.8351478613,136425.37469291335,image_267.png,38.89540541838603,-76.98488941282307
401226.7209198209,135576.0698378399,401286.7209198209,135636.0698378399,image_268.png,38.88829514612724,-76.98551465563911
400704.40407001146,135775.61975801087,400764.40407001146,135835.61975801087,image_269.png,38.89009335823539,-76.99153482385343
399792.8237814446,136125.29797942145,399852.8237814446,136185.29797942145,image_270.png,38.89324367855422,-77.00204232817892
401175.8621742284,136297.02435973517,401235.8621742284,136357.02435973517,image_271.png,38.89478984381188,-76.98609960352604
400984.45783767506,136790.67949630626,401044.45783767506,136850.67949630626,image_272.png,38.89923711028563,-76.98830525945925
401227.32739936933,136623.86658610575,401287.32739936933,136683.86658610575,image_273.png,38.897734085574534,-76.98550574762274
400815.98855834384,136407.29944682226,400875.98855834384,136467.29944682226,image_274.png,38.8957836621322,-76.99024785715679
400302.2239909369,136546.1192461811,400362.2239909369,136606.1192461811,image_275.png,38.89703454573641,-76.99617021697404
400984.270127026,136669.25743098767,401044.270127026,136729.25743098767,image_276.png,38.898143296765156,-76.98830760268473
401267.58672179095,136580.28816115283,401327.58672179095,136640.28816115283,image_277.png,38.8973414568292,-76.98504172745461
401021.231600056,135989.32296910894,401081.231600056,136049.32296910894,image_278.png,38.89201815466033,-76.98788255521787
401334.58475965087,135618.59468430228,401394.58475965087,135678.59468430228,image_279.png,38.888678065165045,-76.9842713000602
400104.3819574685,136297.51433553666,400164.3819574685,136357.51433553666,image_280.png,38.89479507445948,-76.99845093190788
399793.0185698862,136396.38780533153,399853.0185698862,136456.38780533153,image_281.png,38.895685755329886,-77.00204015266895
400607.8700555926,136461.71952316118,400667.8700555926,136521.71952316118,image_282.png,38.89627407367956,-76.99264689505051
399707.5318053363,135744.71205076342,399767.5318053363,135804.71205076342,image_283.png,38.889815197594295,-77.00302535201821
400905.93413611455,135606.67605737058,400965.93413611455,135666.67605737058,image_284.png,38.88857125850349,-76.98921209913125
399919.999392704,135949.82427476996,399979.999392704,136009.82427476996,image_285.png,38.89166296283099,-77.00057634928375
400815.9323742391,135944.0664634681,400875.9323742391,136004.0664634681,image_286.png,38.89161068875946,-76.99024907520032
399792.5886820777,136031.02495891508,399852.5886820777,136091.02495891508,image_287.png,38.892394432259316,-77.00204501384933
401061.99514369067,135989.4444968529,401121.99514369067,136049.4444968529,image_288.png,38.89201919973917,-76.98741267761336
400104.6419700479,135744.8242233005,400164.6419700479,135804.8242233005,image_289.png,38.88981623695547,-76.998448042963
400104.46194710716,136755.25442850115,400164.46194710716,136815.25442850115,image_290.png,38.89891856360143,-76.99844992024363
400406.9320083018,136754.93443529494,400466.9320083018,136814.93443529494,image_291.png,38.8989155826831,-76.99496304011983
401267.7770840012,136754.9784170418,401327.7770840012,136814.9784170418,image_292.png,38.89891512949884,-76.98503920297496
400153.9072668871,136755.09902793358,400213.9072668871,136815.09902793358,image_293.png,38.89891715474327,-76.99787991374538
400223.99551559053,136052.9599755049,400283.99551559053,136112.9599755049,image_294.png,38.892592012224895,-76.99707219476352
400607.7520489225,136754.90443984006,400667.7520489225,136814.90443984006,image_295.png,38.89891518971741,-76.99264798319409
400153.93212407094,135744.75357196105,400213.93212407094,135804.75357196105,image_296.png,38.88981559157134,-76.99787989769007
400104.4219510724,136580.04439291978,400164.4219510724,136640.04439291978,image_297.png,38.89734020827294,-76.99845041560432
400704.1900027589,136120.2643421098,400764.1900027589,136180.2643421098,image_298.png,38.89319804496893,-76.99153692303383
400942.3151952988,136826.32408731934,401002.3151952988,136886.32408731934,image_299.png,38.899558257195004,-76.98879103231347
400406.8426896414,136076.67911201532,400466.8426896414,136136.67911201532,image_300.png,38.89280561114396,-76.99496450108175
401267.84220368665,136296.95881367807,401327.84220368665,136356.95881367807,image_301.png,38.894789122368614,-76.98503931758866
399750.5345816387,136445.83520174996,399810.5345816387,136505.83520174996,image_302.png,38.89613118594748,-77.0025299024559
400608.06207189546,135744.24423459003,400668.06207189546,135804.24423459003,image_303.png,38.889810790970174,-76.99264534789852
400640.2670709975,136490.45298031406,400700.2670709975,136550.45298031406,image_304.png,38.89653289102235,-76.99227340748244
400704.38409138034,135744.44523681444,400764.38409138034,135804.44523681444,image_305.png,38.8898125264904,-76.99153508745911
400704.6020788887,136297.1243490704,400764.6020788887,136357.1243490704,image_306.png,38.89479126466321,-76.99153198388345
400983.78939799254,136333.53938617607,401043.78939799254,136393.53938617607,image_307.png,38.89511902703498,-76.98831363991371
400704.8020685478,136754.99444205794,400764.8020685478,136814.99444205794,image_308.png,38.89891592472293,-76.99152918877536
399792.6300901308,136019.1447550327,399852.6300901308,136079.1447550327,image_309.png,38.89228741098666,-77.00204453347317
399966.11964357446,136218.69522864395,400026.11964357446,136278.69522864395,image_310.png,38.894085053249526,-77.00004472978824
400012.4684723827,136068.96897995035,400072.4684723827,136128.96897995035,image_311.png,38.892736262929866,-76.99951046510832
400511.0220333151,136580.16440216455,400571.0220333151,136640.16440216455,image_312.png,38.89734113315233,-76.99376322612983
400459.68593187386,136711.34232359257,400519.68593187386,136771.34232359257,image_313.png,38.898522861421306,-76.99435492303743
400607.7691451919,136623.9387523499,400667.7691451919,136683.9387523499,image_314.png,38.897735403496135,-76.99264790770056
400539.3136063745,135615.3641635824,400599.3136063745,135675.3641635824,image_315.png,38.88864983808271,-76.9934378870615
400816.01209978823,136369.51436629414,400876.01209978823,136429.51436629414,image_316.png,38.89544328029511,-76.99024763231432
400858.3793275711,136826.3127030725,400918.3793275711,136886.3127030725,image_317.png,38.89955824347593,-76.98975865519924
400104.1762719991,136134.51949718897,400164.1762719991,136194.51949718897,image_318.png,38.89332675700565,-76.9984533347501
400406.82843024854,136711.22618705317,400466.82843024854,136771.22618705317,image_319.png,38.89852184307695,-76.99496426196434
400741.68080079404,136163.19322127654,400801.68080079404,136223.19322127654,image_320.png,38.89358473204481,-76.99110471487568
400942.0359799631,136580.06572704847,401002.0359799631,136640.06572704847,image_321.png,38.897339873321314,-76.98879459960807
400983.95213204547,136445.00438544052,401043.95213204547,136505.00438544052,image_322.png,38.89612314429312,-76.9883115994962
400511.747633715,136381.52038305558,400571.747633715,136441.52038305558,image_323.png,38.8955516750435,-76.99375501823218
400941.9974347252,136647.64621582115,401001.9974347252,136707.64621582115,image_324.png,38.89794866288367,-76.98879494832505
399877.30525621504,135744.76669404985,399937.30525621504,135804.76669404985,image_325.png,38.88981572413383,-77.00106845034148
400816.2070647561,135853.2111251946,400876.2070647561,135913.2111251946,image_326.png,38.89079222976421,-76.9902460207865
400458.9258815055,136163.27144193076,400518.9258815055,136223.27144193076,image_327.png,38.89358563941252,-76.9943640749292
399708.174498748,136755.7825194048,399768.174498748,136815.7825194048,image_328.png,38.89892329212605,-77.00301832931088
400901.4421217532,136162.97432628568,400961.4421217532,136222.97432628568,image_329.png,38.893582605404745,-76.98926312148717
400302.17078117206,136802.92092053566,400362.17078117206,136862.92092053566,image_330.png,38.899347908039225,-76.99617070618325
401140.1378493949,136624.9863622108,401200.1378493949,136684.9863622108,image_331.png,38.89774429330593,-76.98651085172315
400511.6223996664,136339.3773556836,400571.6223996664,136399.3773556836,image_332.png,38.89517203531012,-76.99375649508997
400511.85632250184,136434.55380117946,400571.85632250184,136494.55380117946,image_333.png,38.89602941937529,-76.99375372349492
400607.9220529122,136580.2844043848,400667.9220529122,136640.2844043848,image_334.png,38.89734214919853,-76.99264618554571
399793.06188062095,135702.9311266817,399853.06188062095,135762.9311266817,image_335.png,38.889438840734215,-77.00203947481488
400203.23219721066,136668.50178815104,400263.23219721066,136728.50178815104,image_336.png,38.898137043857034,-76.99731132447094
399920.18892110145,136624.07288213872,399980.18892110145,136684.07288213872,image_337.png,38.89773684172712,-77.00057421350554
400816.52211262734,135807.78425222242,400876.52211262734,135867.78425222242,image_338.png,38.89038300722329,-76.99024244529106
399966.0522264149,136755.45726453743,400026.0522264149,136815.45726453743,image_339.png,38.89892040109643,-77.00004551000642
401307.9321945177,136580.304420268,401367.9321945177,136640.304420268,image_340.png,38.89734154281805,-76.98457663437323
400058.0420303036,135870.0315973008,400118.0420303036,135930.0315973008,image_341.png,38.89094415769172,-76.99898516332895
400901.67651640845,136032.90920890853,400961.67651640845,136092.90920890853,image_342.png,38.8924109305027,-76.98926059596256
400104.5415050134,135702.98506436934,400164.5415050134,135762.98506436934,image_343.png,38.889439334135474,-76.99844920917052
400942.63212799013,136163.03534839218,401002.63212799013,136223.03534839218,image_344.png,38.8935831105079,-76.98878831778364
400656.2113474775,136445.18389174895,400716.2113474775,136505.18389174895,image_345.png,38.89612507827802,-76.99208965294156
399707.4958651631,135870.2677036654,399767.4958651631,135930.2677036654,image_346.png,38.89094624984403,-77.00302581425343
400857.66862973646,136591.98769536393,400917.66862973646,136651.98769536393,image_347.png,38.897447359975565,-76.98976715101139
400511.5329426904,136492.7708766991,400571.5329426904,136552.7708766991,image_348.png,38.89655386020552,-76.9937574053803
400012.1566059986,135661.0992038941,400072.1566059986,135721.0992038941,image_349.png,38.88906201985386,-76.99951408502358
400406.8820153114,136445.11437237178,400466.8820153114,136505.11437237178,image_350.png,38.896124611289466,-76.99496381347785
400938.7745522669,135811.26959107543,400998.7745522669,135871.26959107543,image_351.png,38.890414278244194,-76.98883328066422
400704.87474958785,136551.97141989056,400764.87474958785,136611.97141989056,image_352.png,38.89708701985657,-76.99152856809746
400607.9800473107,135816.49773782346,400667.9800473107,135876.49773782346,image_353.png,38.89046167762517,-76.99264622626954
401227.0480022271,136076.30911361534,401287.0480022271,136136.30911361534,image_354.png,38.89280148788243,-76.98550997037829
400337.2288966516,136332.5765512116,400397.2288966516,136392.5765512116,image_355.png,38.895110861320326,-76.99576680459724
400301.62369866815,135579.18363559412,400361.62369866815,135639.18363559412,image_356.png,38.88832403203816,-76.99617760369564
400900.0441209529,136445.10354029585,400960.0441209529,136505.10354029585,image_357.png,38.89612413029237,-76.98927885451997
400704.5249995164,136346.4876678376,400764.5249995164,136406.4876678376,image_358.png,38.89523594759155,-76.99153281962599
400104.21081191197,136123.20990003896,400164.21081191197,136183.20990003896,image_359.png,38.893224875973196,-76.99845293881388
401271.35219019116,136444.61439187895,401331.35219019116,136504.61439187895,image_360.png,38.89611925261808,-76.98499857704141
400104.38048940507,136624.204111879,400164.38048940507,136684.204111879,image_361.png,38.89773801503222,-76.99845088492609
400058.3671041934,136580.20978200814,400118.3671041934,136640.20978200814,image_362.png,38.89734170399383,-76.9989813249434
401143.4761472986,136032.5128066219,401203.4761472986,136092.5128066219,image_363.png,38.892407070060116,-76.98647338041981
400741.6584248326,136445.0257837675,400801.6584248326,136505.0257837675,image_364.png,38.89612358313143,-76.99110465624398
399835.2054938902,136163.31277894974,399895.2054938902,136223.31277894974,image_365.png,38.89358613741677,-77.00155379735455
401280.7821599263,135929.08973451817,401340.7821599263,135989.08973451817,image_366.png,38.89147520263056,-76.98489085602965
401281.0819566185,135744.15989487333,401341.0819566185,135804.15989487333,image_367.png,38.88980928515044,-76.98488775321042
399752.36049248977,136023.9713175819,399812.36049248977,136083.9713175819,image_368.png,38.892330881404845,-77.00250872050206
400154.11644805537,136445.31039778906,400214.11644805537,136505.31039778906,image_369.png,38.89612646643622,-76.99787758533098
400406.6701374361,136667.51810184307,400466.6701374361,136727.51810184307,image_370.png,38.89812810493891,-76.99496611454101
400058.1169422053,135744.84774747607,400118.1169422053,135804.84774747607,image_371.png,38.88981645476423,-76.99898431589423
399708.85446030693,135995.88412277633,399768.85446030693,136055.88412277633,image_372.png,38.892077849688114,-77.00301020183967
401142.4751883685,135869.63994309126,401202.4751883685,135929.63994309126,image_373.png,38.89093985210053,-76.9864851963832
400252.67170364584,136163.38477584033,400312.67170364584,136223.38477584033,image_374.png,38.893586750880175,-76.9967415990321
399707.4718489526,136163.68080416252,399767.4718489526,136223.68080416252,image_375.png,38.89358942385864,-77.0030262031978
400980.48014169914,135988.5382926501,401040.48014169914,136048.5382926501,image_376.png,38.89201113378767,-76.9883522944781
400608.02217736933,135780.37098532898,400668.02217736933,135840.37098532898,image_377.png,38.89013623429828,-76.99264577419798
400354.43809807533,136163.1344024742,400414.43809807533,136223.1344024742,image_378.png,38.89358445681244,-76.9955685220181
399793.28693189664,135661.06809925477,399853.28693189664,135721.06809925477,image_379.png,38.889061722902724,-77.00203686999792
400302.15198905516,136669.0044154681,400362.15198905516,136729.0044154681,image_380.png,38.89814153989465,-76.99617098757375
399876.2512803424,136092.64375054734,399936.2512803424,136152.64375054734,image_381.png,38.89294953004882,-77.00108064651123
399920.092103258,136851.0407020847,399980.092103258,136911.0407020847,image_382.png,38.899781449657155,-77.00057534609506
399835.2237948172,135989.77281417692,399895.2237948172,136049.77281417692,image_383.png,38.892022825207086,-77.0015535523536
400104.74398773874,136478.64936755717,400164.74398773874,136538.64936755717,image_384.png,38.89642680498041,-76.9984467231301
400104.11731008324,135579.35089488997,400164.11731008324,135639.35089488997,image_385.png,38.88832559108678,-76.99845412277968
400511.0848469344,136623.83744894687,400571.0848469344,136683.83744894687,image_386.png,38.8977345557465,-76.99376246762957
400816.0160856255,136536.42602801786,400876.0160856255,136596.42602801786,image_387.png,38.896946881384544,-76.99024738081403
400011.8019484271,135870.12424664682,400071.8019484271,135930.12424664682,image_388.png,38.890944995726215,-76.99951816024078
400354.21678719897,135869.79325482278,400414.21678719897,135929.79325482278,image_389.png,38.89094193106481,-76.99557123714756
401348.8576226345,136021.22748454558,401408.8576226345,136081.22748454558,image_390.png,38.892305109561086,-76.98410597784226
400104.3645814481,135661.1443060051,400164.3645814481,135721.1443060051,image_391.png,38.88906241689384,-76.9984512566596
400103.88095923606,136215.27631882904,400163.88095923606,136275.27631882904,image_392.png,38.894054244265945,-76.99845672311692
401110.44910124695,136196.45561858529,401170.44910124695,136256.45561858529,image_393.png,38.89388397092937,-76.98685380991012
400252.8139948426,136512.0857501958,400312.8139948426,136572.0857501958,image_394.png,38.89672797691884,-76.99673981526978
400511.50675812614,136207.9474635656,400571.50675812614,136267.9474635656,image_395.png,38.89398806665914,-76.99375793173263
400816.58261257096,135589.7141893389,400876.58261257096,135649.7141893389,image_396.png,38.888418550184184,-76.99024201661464
400406.7876386246,135702.75098837138,400466.7876386246,135762.75098837138,image_397.png,38.88943712728356,-76.99496537337158
400858.296456453,136755.04998150855,400918.296456453,136815.04998150855,image_398.png,38.89891628333517,-76.98975970270223
400899.876640429,136625.73506299284,400959.876640429,136685.73506299284,image_399.png,38.89775132485466,-76.9892805406577
400607.76391673624,136802.80445140888,400667.76391673624,136862.80445140888,image_400.png,38.89934669024912,-76.99264780190924
401227.2821971615,135744.2742486386,401287.2821971615,135804.2742486386,image_401.png,38.889810393876445,-76.98550787840529
401070.0621683497,135612.294218265,401130.0621683497,135672.294218265,image_402.png,38.8886216789696,-76.98732029363934
399966.0120089364,136297.57338256759,400026.0120089364,136357.57338256759,image_403.png,38.894795616638724,-77.0000459709761
400301.96410208265,135786.26981242394,400361.96410208265,135846.26981242394,image_404.png,38.890189541978366,-76.99617358005148
401227.0721003539,135702.4228036863,401287.0721003539,135762.4228036863,image_405.png,38.889433380668706,-76.98551037666444
400816.2120910834,136754.87444456507,400876.2120910834,136814.87444456507,image_406.png,38.898914743554606,-76.99024485222475
400704.6725500767,136711.2395148389,400764.6725500767,136771.2395148389,image_407.png,38.89852176467359,-76.99153072866288
401129.5951907313,135744.22162581343,401189.5951907313,135804.22162581343,image_408.png,38.88981005410403,-76.9866338722905
400511.2754938654,136536.46762812498,400571.2754938654,136596.46762812498,image_409.png,38.89694749659214,-76.99376033872683
401142.39148456976,135914.03590598505,401202.39148456976,135974.03590598505,image_410.png,38.89133978758572,-76.9864860854586
400460.2720230525,136580.06440098965,400520.2720230525,136640.06440098965,image_411.png,38.89734026207443,-76.99434826029885
401027.26237576903,135634.59657690633,401087.26237576903,135694.59657690633,image_412.png,38.88882263952187,-76.98781358489232
401226.84219151083,135989.57429844872,401286.84219151083,136049.57429844872,image_413.png,38.89202014882509,-76.98551250143207
400252.6673346756,136580.37024971299,400312.6673346756,136640.37024971299,image_414.png,38.89734310854053,-76.99674147782139
400607.9420743281,135635.9942125984,400667.9420743281,135695.9942125984,image_415.png,38.88883563421088,-76.99264683156058
400104.61471078155,136546.15490431114,400164.61471078155,136606.15490431114,image_416.png,38.89703491942854,-76.99844820015701
400511.01945524197,135786.03658291095,400571.01945524197,135846.03658291095,image_417.png,38.89018733716638,-76.9937638812145
399792.9027631115,136711.73761486288,399852.9027631115,136771.73761486288,image_418.png,38.89852654089997,-77.00204156892825
400983.867574962,136264.349339583,401043.867574962,136324.349339583,image_419.png,38.89449573763101,-76.98831284084613
399750.45694775635,136580.53178523784,399810.45694775635,136640.53178523784,image_420.png,38.897344581742445,-77.00253084043274
401280.70835969265,135618.8618070176,401340.70835969265,135678.8618070176,image_421.png,38.888680553478466,-76.98489229850802
400406.8461251882,136535.1101107688,400466.8461251882,136595.1101107688,image_422.png,38.896935325680076,-76.99496416997484
400779.07589694386,136754.81918354225,400839.07589694386,136814.81918354225,image_423.png,38.89891428070774,-76.99067295898186
400654.78165404644,135660.3164463103,400714.78165404644,135720.3164463103,image_424.png,38.889054702804565,-76.99210691611209
401187.5279434537,135553.15820891314,401247.5279434537,135613.15820891314,image_425.png,38.88808880468078,-76.9859664462958
400459.46567292436,136445.40068495253,400519.46567292436,136505.40068495253,image_426.png,38.89612716279233,-76.99435765166079
400815.9911951352,136490.75501265778,400875.9911951352,136550.75501265778,image_427.png,38.89653546029362,-76.99024772398774
400458.5476400076,135869.72852185322,400518.5476400076,135929.72852185322,image_428.png,38.89094129613963,-76.99436864371087
400302.3934831785,136252.7767432488,400362.3934831785,136312.7767432488,image_429.png,38.89439200923448,-76.99616840504845
399834.6884137909,136255.75373142213,399894.6884137909,136315.75373142213,image_430.png,38.89441887946372,-77.0015597760245
400607.45238128497,136667.59343680443,400667.45238128497,136727.59343680443,image_431.png,38.898128660916214,-76.99265151879027
400406.7099122323,136119.99663950605,400466.7099122323,136179.99663950605,image_432.png,38.893195831510994,-76.99496600407643
399920.21192718844,135989.6742688461,399980.21192718844,136049.6742688461,image_433.png,38.89202194639528,-77.00057390231932
399792.94128139736,136667.949874344,399852.94128139736,136727.949874344,image_434.png,38.89813208512705,-77.00204111360476
399750.2319387396,136163.62146050055,399810.2319387396,136223.62146050055,image_435.png,38.893588900998424,-77.00253330091343
401067.3477578141,136755.5112522112,401127.3477578141,136815.5112522112,image_436.png,38.898920202520905,-76.9873497548851
400984.28212346096,136826.2444628707,401044.28212346096,136886.2444628707,image_437.png,38.89955749248789,-76.9883072325903
401140.05107695604,136669.81801854807,401200.05107695604,136729.81801854807,image_438.png,38.8981481531961,-76.98651177566003
400153.7706349477,136668.49104392275,400213.7706349477,136728.49104392275,image_439.png,38.89813695880072,-76.99788151201062
400656.27238639863,136755.24735070282,400716.27238639863,136815.24735070282,image_440.png,38.89891824224149,-76.99208863955276
400012.18349119544,136346.69134676488,400072.18349119544,136406.69134676488,image_441.png,38.895238088257386,-76.99951373303945
400607.84205931437,136297.24434689464,400667.84205931437,136357.24434689464,image_442.png,38.894792421177726,-76.99264737048946
400779.0485539123,135680.55199535997,400839.0485539123,135740.55199535997,image_443.png,38.889236886661536,-76.990674539282
401227.2065300592,136847.18229728742,401287.2065300592,136907.18229728742,image_444.png,38.89974579415233,-76.9855067322716
400104.7719542048,136445.03436551229,400164.7719542048,136505.03436551229,image_445.png,38.896123988786634,-76.99844640733812
400252.6937121885,136668.60525733882,400312.6937121885,136728.60525733882,image_446.png,38.89813796143031,-76.99674113743686
400012.5796194423,136029.35158094842,400072.5796194423,136089.35158094842,image_447.png,38.89237937472019,-76.99950918636934
400962.21358805354,135674.44746330092,401022.21358805354,135734.44746330092,image_448.png,38.88918170710785,-76.98856330482718
400779.0306472296,136162.9308776882,400839.0306472296,136222.9308776882,image_449.png,38.89358233517836,-76.99067417767377
399835.4185483494,136580.32438688076,399895.4185483494,136640.32438688076,image_450.png,38.8973427305357,-77.00155142313541
401140.1521605798,136580.15441643086,401200.1521605798,136640.15441643086,image_451.png,38.89734043087568,-76.98651076311339
401267.9490139302,135987.07853459747,401327.9490139302,136047.07853459747,image_452.png,38.891997606329454,-76.98503867178296
400607.9269970396,135590.3243435323,400667.9269970396,135650.3243435323,image_453.png,38.888424222841934,-76.99264704774754
399966.1413354831,136108.70695292857,400026.1413354831,136168.70695292857,image_454.png,38.893094238303874,-77.00004447912272
400511.0914284581,136119.80924849136,400571.0914284581,136179.80924849136,image_455.png,38.8931940853746,-76.99376278874622
399877.47508461634,136755.3454508813,399937.47508461634,136815.3454508813,image_456.png,38.89891938897825,-77.00106662890906
400406.76093416405,136207.8976204836,400466.76093416405,136267.8976204836,image_457.png,38.893987675934255,-76.99496536006065
401308.34298739536,136207.63434597343,401368.34298739536,136267.63434597343,image_458.png,38.89398439402517,-76.98457262486517
400441.88342905545,135549.58847551685,400501.88342905545,135609.58847551685,image_459.png,38.888057363576245,-76.99456094741896
401236.7088471524,136405.01264171192,401296.7088471524,136465.01264171192,image_460.png,38.8957625562043,-76.98539800347083
401079.8369889869,136297.09342185062,401139.8369889869,136357.09342185062,image_461.png,38.89479059242142,-76.98720651940921
400984.2521290444,136580.16441289533,401044.2521290444,136640.16441289533,image_462.png,38.897340714624974,-76.98830794170675
401143.42699763767,136075.9513132328,401203.42699763767,136135.9513132328,image_463.png,38.89279838027523,-76.98647387277595
401081.22014952987,136512.16076969326,401141.22014952987,136572.16076969326,image_464.png,38.89672799588435,-76.98719022735237
400259.76998902374,136292.22533798998,400319.76998902374,136352.22533798998,image_465.png,38.89474739174333,-76.99665972164297
400901.84212576546,135989.55429107707,400961.84212576546,136049.55429107707,image_466.png,38.89202037314799,-76.98925874579109
399793.14190988167,135619.20419073183,399853.14190988167,135679.20419073183,image_467.png,38.88868459703457,-77.00203853080791
399877.7215071248,135619.62243584206,399937.7215071248,135679.62243584206,image_468.png,38.888688377689874,-77.00106363559883
401227.3121846326,136296.9343608837,401287.3121846326,136356.9343608837,image_469.png,38.89478896098999,-76.98550652137445
400778.89516469196,136445.01551290424,400838.89516469196,136505.01551290424,image_470.png,38.896123457132916,-76.99067540726651
401308.4856642085,136711.26245538544,401368.4856642085,136771.26245538544,image_471.png,38.89852125931896,-76.98456999893726
400511.74142207805,136252.5911783495,400571.74142207805,136312.5911783495,image_472.png,38.894390233516006,-76.99375519150564
400704.6791133645,136484.5915519152,400764.6791133645,136544.5915519152,image_473.png,38.89648003767004,-76.9915308953976
400942.4669006757,136755.14768520318,401002.4669006757,136815.14768520318,image_474.png,38.898917074400146,-76.98878938420006
401308.4139783254,136667.60915585214,401368.4139783254,136727.60915585214,image_475.png,38.89812801474557,-76.98457091038257
401139.68729776697,136714.64849129575,401199.68729776697,136774.64849129575,image_476.png,38.89855200276359,-76.98651589293175
400881.72808549256,135643.7385293138,400941.72808549256,135703.7385293138,image_477.png,38.88890515663644,-76.98949105727044
401060.3129711539,136119.31457078914,401120.3129711539,136179.31457078914,image_478.png,38.89318911953554,-76.98743186175388
400984.05213054706,136511.9843990446,401044.05213054706,136571.9843990446,image_479.png,38.89672652453045,-76.98831034788597
400511.2554263544,135946.24322987127,400571.2554263544,136006.24322987127,image_480.png,38.89163053825345,-76.99376103506262
400815.9621083897,135989.49428911225,400875.9621083897,136049.49428911225,image_481.png,38.892019919461845,-76.99024867652513
401031.9080967612,135744.26495657407,401091.9080967612,135804.26495657407,image_482.png,38.889810567863236,-76.98775986702555
400559.51815232827,136754.90528159644,400619.51815232827,136814.90528159644,image_483.png,38.89891523097054,-76.99320402439717
399835.0685857081,135744.80715000865,399895.0685857081,135804.80715000865,image_484.png,38.88981608310849,-77.00155529332643
400703.8163765627,135712.30604994996,400763.8163765627,135772.30604994996,image_485.png,38.88952300511863,-76.99154166557484
400607.7758288471,136207.59099489797,400667.7758288471,136267.59099489797,image_486.png,38.89398479088838,-76.99264821717993
401308.27220405213,136162.92433550136,401368.27220405213,136222.92433550136,image_487.png,38.89358162989135,-76.9845735278927
400012.268759846,136624.0142648311,400072.268759846,136684.0142648311,image_488.png,38.89773631407622,-76.99951273304809
401310.3524102457,136444.35745434873,401370.3524102457,136504.35745434873,image_489.png,38.896116879432306,-76.98454899994957
400372.0747961654,136350.71975896304,400432.0747961654,136410.71975896304,image_490.png,38.8952742867325,-76.99536511126047
399920.01193553116,135619.7641937163,399980.01193553116,135679.7641937163,image_491.png,38.88868965811985,-77.00057618069154
400607.62116160337,136119.39914482407,400667.62116160337,136179.39914482407,image_492.png,38.893190326296676,-76.99265008191355
401226.97217967844,136512.4244046396,401286.97217967844,136572.4244046396,image_493.png,38.89673017448009,-76.98551004644814
400511.2820294031,136754.85443764378,400571.2820294031,136814.85443764378,image_494.png,38.89891480397494,-76.9937600913068
400941.8946366577,136297.25632595035,401001.8946366577,136357.25632595035,image_495.png,38.89479222324601,-76.98879662908293
400104.1685706763,135539.39755457148,400164.1685706763,135599.39755457148,image_496.png,38.88796567631119,-76.99845353973566
400704.503900284,136208.03756052282,400764.503900284,136268.03756052282,image_497.png,38.89398873822061,-76.99153321086843
400302.2020005279,136163.20431274775,400362.2020005279,136223.20431274775,image_498.png,38.893585107880845,-76.996170655636
400302.3307141401,136308.65213545272,400362.3307141401,136368.65213545272,image_499.png,38.8948953553007,-76.99616910157602
401227.0049193896,136119.6766738662,401287.0049193896,136179.6766738662,image_500.png,38.89319215895464,-76.98551038764978
401032.54240744293,136445.57418439625,401092.54240744293,136505.57418439625,image_501.png,38.89612821986233,-76.98775147099661
400983.81213536666,136297.30435543644,401043.81213536666,136357.30435543644,image_502.png,38.89479260857196,-76.98831343128339
400815.68254074815,136668.4781347397,400875.68254074815,136728.4781347397,image_503.png,38.89813645493456,-76.99025106325333
400375.85876617435,135981.94185283448,400435.85876617435,136041.94185283448,image_504.png,38.891952197647264,-76.9953217096697
400949.1141603493,135679.0003050267,401009.1141603493,135739.0003050267,image_505.png,38.889222735502564,-76.98871428816855
400302.2176582284,136711.96437396394,400362.2176582284,136771.96437396394,image_506.png,38.89852853869045,-76.99617020977007
401346.6872562764,135989.30247325162,401406.6872562764,136049.30247325162,image_507.png,38.892017520620065,-76.98413105951528
400543.87799698825,136440.39331129534,400603.87799698825,136500.39331129534,image_508.png,38.89608200349171,-76.99338458712563
401227.2163433114,136252.3044281308,401287.2163433114,136312.3044281308,image_509.png,38.89438691831177,-76.98550770784362
400058.2087672375,136108.44915354662,400118.2087672375,136168.44915354662,image_510.png,38.89309191153492,-76.9989832107877
399835.4309337342,135619.5825187983,399895.4309337342,135679.5825187983,image_511.png,38.88868801264616,-77.0015510921797
400252.7068229926,135869.94177380612,400312.7068229926,135929.94177380612,image_512.png,38.8909433074819,-76.99674131495176
400983.87213373743,136369.7743701556,401043.87213373743,136429.7743701556,image_513.png,38.895445444936186,-76.9883126327092
400407.032036037,135531.944186912,400467.032036037,135591.944186912,image_514.png,38.88789843517611,-76.99496266496749
401267.6171962009,136162.9847527565,401327.6171962009,136222.9847527565,image_515.png,38.89358223510083,-76.98504216437684
401178.38816962886,136512.33652632416,401238.38816962886,136572.33652632416,image_516.png,38.89672945096661,-76.98607010676096
400511.2420467538,135989.32428217342,400571.2420467538,136049.32428217342,image_517.png,38.8920186283872,-76.99376115534926
400704.33208186936,136163.4943219196,400764.33208186936,136223.4943219196,image_518.png,38.893587476461335,-76.99153523906809
400154.0586154447,136512.43321569968,400214.0586154447,136572.43321569968,image_519.png,38.896731133238546,-76.99787823401614
400816.14961262024,136252.4275493003,400876.14961262024,136312.4275493003,image_520.png,38.894388519193676,-76.99024619135257
400302.2419871198,136754.9244329177,400362.2419871198,136814.9244329177,image_521.png,38.89891553838005,-76.99616990852938
401102.7587584575,135989.27997527044,401162.7587584575,136049.27997527044,image_522.png,38.89201766608934,-76.98694279964678
399919.8458841115,136346.95439160953,399979.8458841115,136406.95439160953,image_523.png,38.89524045744306,-77.0005781477448
399919.74996074423,136257.95931250905,399979.74996074423,136317.95931250905,image_524.png,38.894438757125876,-77.00057924698463
400906.1612947973,135882.1213983233,400966.1612947973,135942.1213983233,image_525.png,38.89105257310091,-76.98920910553038
399750.5887929604,136755.74582638795,399810.5887929604,136815.74582638795,image_526.png,38.898922973191965,-77.00252937651672
400012.52194066625,136219.02431752192,400072.52194066625,136279.02431752192,image_527.png,38.894088016783414,-76.99950983949105
399792.8219060278,135786.5212172358,399852.8219060278,135846.5212172358,image_528.png,38.89019185154704,-77.00204226243372
400253.06623585714,136371.85735400883,400313.06623585714,136431.85735400883,image_529.png,38.89546474829861,-76.9967369653008
401025.95298483357,136755.12357198796,401085.95298483357,136815.12357198796,image_530.png,38.89891676085744,-76.9878269551788
400656.0371105701,136163.1243228489,400716.0371105701,136223.1243228489,image_531.png,38.89358418238772,-76.99209194313364
400058.3251980549,136219.09543052275,400118.3251980549,136279.09543052275,image_532.png,38.89408865398682,-76.99898185445583
401033.4120521196,136230.9342387766,401093.4120521196,136290.9342387766,image_533.png,38.89419466358884,-76.98774177835516
399919.77637139836,135786.53138467783,399979.77637139836,135846.53138467783,image_534.png,38.89019195955807,-77.00057890807959
400607.8946265416,136527.14618385947,400667.8946265416,136587.14618385947,image_535.png,38.89686346083359,-76.9926465510536
400012.7119458978,135989.7342709582,400072.7119458978,136049.7342709582,image_536.png,38.89202248728883,-76.99950766351027
401108.6737449073,136745.2682163171,401168.6737449073,136805.2682163171,image_537.png,38.89882787700438,-76.98687336513234
401129.7324146469,136445.2143460678,401189.7324146469,136505.2143460678,image_538.png,38.896124855462624,-76.98663110728032
400930.6800074305,135569.98152686577,400990.6800074305,135629.98152686577,image_539.png,38.8882406736503,-76.98892692095762
400968.914887683,135672.5954592912,401028.914887683,135732.5954592912,image_540.png,38.88916501597148,-76.98848606536004
401308.2821906198,136754.91445573806,401368.2821906198,136814.91445573806,image_541.png,38.89891449258017,-76.98457225952758
400704.1320837865,136077.0343043606,400764.1320837865,136137.0343043606,image_542.png,38.89280861285745,-76.99153763686476
399965.56695576635,135744.728981916,400025.56695576635,135804.728981916,image_543.png,38.88981538928426,-77.00005109769346
400302.09588602383,136478.6643472196,400362.09588602383,136538.6643472196,image_544.png,38.896426887520576,-76.99617172634024
401226.9221811943,136444.95439093577,401286.9221811943,136504.95439093577,image_545.png,38.896122380102426,-76.98551074626133
400406.83192324376,136252.48094901713,400466.83192324376,136312.48094901713,image_546.png,38.894389298919236,-76.9949645134058
400058.1126277551,135619.18478333598,400118.1126277551,135679.18478333598,image_547.png,38.88868443557869,-76.9989843817396
400941.1673284902,135989.4610217139,401001.1673284902,136049.4610217139,image_548.png,38.892019490380676,-76.98880544811266
401334.7021292937,135929.33466843786,401394.7021292937,135989.33466843786,image_549.png,38.89147732703962,-76.98426933002263
401226.8491337134,136032.94184782248,401286.8491337134,136092.94184782248,image_550.png,38.89241081978177,-76.98551234207592
400816.412089501,136826.55445912667,400876.412089501,136886.55445912667,image_551.png,38.899560462712316,-76.99024245831585
400511.08693687455,135542.33423888846,400571.08693687455,135602.33423888846,image_552.png,38.887991974806724,-76.99376329529143
400607.90942766337,136346.60783098888,400667.90942766337,136406.60783098888,image_553.png,38.895237105482494,-76.99264654807443
401348.37245445955,136297.1445774575,401408.37245445955,136357.1445774575,image_554.png,38.89479067321972,-76.9841110167806
400815.4779553246,136625.2793353158,400875.4779553246,136685.2793353158,image_555.png,38.897747304719964,-76.99025347486052
400012.12195417506,135619.24419569748,400072.12195417506,135679.24419569748,image_556.png,38.888684974193964,-76.99951448700105
399877.8352388037,136580.32438784253,399937.8352388037,136640.32438784253,image_557.png,38.89734273601479,-77.00106245356282
401334.72355977533,136365.47968056914,401394.72355977533,136425.47968056914,image_558.png,38.89540628214771,-76.98426821662996
400510.93370107666,135827.74024254692,400570.93370107666,135887.74024254692,image_559.png,38.890563019375804,-76.99376483683633
400858.90256734507,135989.3389319181,400918.90256734507,136049.3389319181,image_560.png,38.89201847757788,-76.98975370620931
400607.7020662683,135989.30428435566,400667.7020662683,136049.30428435566,image_561.png,38.8920183835619,-76.99264927006999
400816.38210454513,136162.91432434635,400876.38210454513,136222.91432434635,image_562.png,38.893582150892684,-76.99024362162913
400203.461552567,136445.2976302842,400263.461552567,136505.2976302842,image_563.png,38.8961263397021,-76.99730875634306
399920.0393192361,136667.8408228573,399980.0393192361,136727.8408228573,image_564.png,38.898131119163466,-77.0005759412732
399792.9918975167,136163.52430127616,399852.9918975167,136223.52430127616,image_565.png,38.89358803540181,-77.00204040013674
400302.13410398166,135909.851100633,400362.13410398166,135969.851100633,image_566.png,38.891302808287286,-76.99617156076702
400406.8520311833,135744.5542300926,400466.8520311833,135804.5542300926,image_567.png,38.88981370653089,-76.99496460457352
400816.43021089904,135544.2291790689,400876.43021089904,135604.2291790689,image_568.png,38.88800880419976,-76.99024382927551
400973.2228154031,135670.06107070704,401033.2228154031,135730.06107070704,image_569.png,38.889142180341665,-76.98843641398139
401349.35270179395,136444.39729525323,401409.35270179395,136504.39729525323,image_570.png,38.89611717800457,-76.9840994214676
400900.38167856436,136755.09883335588,400960.38167856436,136815.09883335588,image_571.png,38.89891667987508,-76.98927454345385
401032.7956302072,136075.60002810328,401092.7956302072,136135.60002810328,image_572.png,38.89279535647429,-76.98774912430213
400893.1571505374,135681.39261640894,400953.1571505374,135741.39261640894,image_573.png,38.889244346879366,-76.98935927070514
399920.1120232688,136029.39152468886,399980.1120232688,136089.39152468886,image_574.png,38.892379734163875,-77.0005750567861
399835.5085518921,136445.5814254617,399895.5085518921,136505.5814254617,image_575.png,38.89612891694513,-77.00155035921631
400012.16194309696,136108.58429508188,400072.16194309696,136168.58429508188,image_576.png,38.893093132354096,-76.99951399604613
400011.9882857233,135579.230769473,400071.9882857233,135639.230769473,image_577.png,38.88832451817871,-76.99951603015748
400741.71614124643,136579.93477152332,400801.71614124643,136639.93477152332,image_578.png,38.89733889230614,-76.99110383936102
400153.6113196877,136163.78007125144,400213.6113196877,136223.78007125144,image_579.png,38.89359033811772,-76.99788348347542
400983.9234812031,136075.5222433497,401043.9234812031,136135.5222433497,image_580.png,38.89279471348449,-76.98831247507326
400058.3469837097,136297.43081443346,400118.3469837097,136357.43081443346,image_581.png,38.89479432790243,-76.99898159325373
400608.0257446071,135708.16086299758,400668.0257446071,135768.16086299758,image_582.png,38.889485738454376,-76.99264580013292
401154.03470422525,136263.72795683952,401214.03470422525,136323.72795683952,image_583.png,38.894489927265376,-76.98635127381482
399919.91704713163,135661.42100044907,399979.91704713163,135721.42100044907,image_584.png,38.8890649183024,-77.00057727744621
400704.4220754949,136445.2143791422,400764.4220754949,136505.2143791422,image_585.png,38.89612531396456,-76.99153390053056
401143.3714960151,136119.38981236695,401203.3714960151,136179.38981236695,image_586.png,38.89318969040444,-76.98647443835715
400012.30623136315,136667.78433201177,400072.30623136315,136727.78433201177,image_587.png,38.89813061067523,-76.99951229838727
401178.4387582605,135744.20329683533,401238.4387582605,135804.20329683533,image_588.png,38.88980982320958,-76.98607087468643
400607.61293605994,136711.24888684694,400667.61293605994,136771.24888684694,image_589.png,38.898521924859146,-76.9926496274113
400012.31193884544,136297.42433343633,400072.31193884544,136357.42433343633,image_590.png,38.89479427294027,-76.99951225540336
400406.5620121866,136580.1043997805,400466.5620121866,136640.1043997805,image_591.png,38.897340650712096,-76.9949674165496
400302.1519941285,136445.16437001064,400362.1519941285,136505.16437001064,image_592.png,38.896125107495784,-76.99617109574488
401227.6196740882,135786.03233442016,401287.6196740882,135846.03233442016,image_593.png,38.89018656586258,-76.98550391203003
400983.82213842083,136163.03432816977,401043.82213842083,136223.03432816977,image_594.png,38.893583054780954,-76.98831351411663
401272.2588144087,136819.5272908446,401332.2588144087,136879.5272908446,image_595.png,38.89949660233931,-76.98498741513681
401032.63613948034,136512.07289137781,401092.63613948034,136572.07289137781,image_596.png,38.89672726431559,-76.9877502876309
400983.9289602438,136407.38935424518,401043.9289602438,136467.38935424518,image_597.png,38.89578429439329,-76.98831192212768
400104.5759038507,135786.54437135084,400164.5759038507,135846.54437135084,image_598.png,38.89019206768145,-76.99844879630672
400012.2819354899,136445.22436344973,400072.2819354899,136505.22436344973,image_599.png,38.896125709671374,-76.99951259216596
400406.82999892556,136332.97495193602,400466.82999892556,136392.97495193602,image_600.png,38.895114418430076,-76.99496448440584
399792.8319069732,135744.79421622973,399852.8319069732,135804.79421622973,image_601.png,38.88981595909925,-77.00204213639735
400901.61539208615,136076.2643244169,400961.61539208615,136136.2643244169,image_602.png,38.89280148950043,-76.98926124175193
400941.9077144701,136369.4654399458,401001.9077144701,136429.4654399458,image_603.png,38.89544270937632,-76.98879637617436
400704.68345145433,136623.72936829337,400764.68345145433,136683.72936829337,image_604.png,38.897733441634664,-76.99153069658506
399877.86523436464,136445.57753262945,399937.86523436464,136505.57753262945,image_605.png,38.896128887336786,-77.001062089709
400302.7582011031,136207.98921159204,400362.7582011031,136267.98921159204,image_606.png,38.89398854653927,-76.99616422253351
400984.0071518283,136197.21387106134,401044.0071518283,136257.21387106134,image_607.png,38.893890956483055,-76.98831133099102
400857.97749265225,136369.4695961258,400917.97749265225,136429.4695961258,image_608.png,38.89544283560137,-76.98976387813507
400704.86371494527,135634.90186214124,400764.86371494527,135694.90186214124,image_609.png,38.88882571823696,-76.99152967621299
399920.25378655887,136490.48435495043,399980.25378655887,136550.48435495043,image_610.png,38.89653342777535,-77.0005734560739
401173.98958928545,135618.94294874003,401233.98958928545,135678.94294874003,image_611.png,38.88868143705646,-76.98612237772639
399919.79159637477,135909.97425469366,399979.79159637477,135969.97425469366,image_612.png,38.89130397900991,-77.00057874160787
401127.84962089866,136297.1185084609,401187.84962089866,136357.1185084609,image_613.png,38.89479075648553,-76.98665306091132
401185.19505887287,135989.09409117288,401245.19505887287,136049.09409117288,image_614.png,38.89201588149323,-76.98599256474978
400302.0829025013,136624.5394632544,400362.0829025013,136684.5394632544,image_615.png,38.897740983545056,-76.99617180549153
400104.7541118052,136803.12398714505,400164.7541118052,136863.12398714505,image_616.png,38.89934978976719,-76.99844654277302
399919.7132661608,136203.6596847962,399979.7132661608,136263.6596847962,image_617.png,38.893949606106794,-77.00057966599935
399966.4619440575,135989.69023013813,400026.4619440575,136049.69023013813,image_618.png,38.89202209158322,-77.00004078283013
400984.05022550025,135885.21474966436,401044.05022550025,135945.21474966436,image_619.png,38.891080352772455,-76.98831129496993
399792.6403406267,136087.07171867474,399852.6403406267,136147.07171867474,image_620.png,38.892899322233006,-77.00204443285156
400302.18474941386,136062.49034079438,400362.18474941386,136122.49034079438,image_621.png,38.89267783921699,-76.99617090318817
400983.2223995304,135712.72853619783,401043.2223995304,135772.72853619783,image_622.png,38.88952653342257,-76.98832109147335
400441.88947632763,136387.16495338522,400501.88947632763,136447.16495338522,image_623.png,38.89560256367126,-76.99456030244657
400984.29971687606,136624.71111732465,401044.29971687606,136684.71111732465,image_624.png,38.89774200742498,-76.98830732735088
399793.00386258063,135539.35719914723,399853.00386258063,135599.35719914723,image_625.png,38.887965305195436,-77.00204010142367
400559.4720987295,136580.2144032701,400619.4720987295,136640.2144032701,image_626.png,38.89734155242689,-76.99320470520921
400952.15834063356,135957.37004910782,401012.15834063356,136017.37004910782,image_627.png,38.89173039077018,-76.98867880165432
401226.7499288411,135942.59808357156,401286.7499288411,136002.59808357156,image_628.png,38.89159696976292,-76.9855136508627
401088.1854521684,136580.20203002426,401148.1854521684,136640.20203002426,image_629.png,38.8973409274341,-76.98710982293088
399919.71190973517,136755.37442433985,399979.71190973517,136815.37442433985,image_630.png,38.89891965341253,-77.00057972202227
400741.55343574914,135989.5361103069,400801.55343574914,136049.5361103069,image_631.png,38.89202036465449,-76.99110637805161
400900.34715429146,136826.23128804436,400960.34715429146,136886.23128804436,image_632.png,38.89955746664492,-76.98927484510955
399835.28427678254,136297.64917062622,399895.28427678254,136357.64917062622,image_633.png,38.89479628905233,-77.00155291555376
400302.513530195,136353.9122737588,400362.513530195,136413.9122737588,image_634.png,38.89530307513755,-76.99616697228163
400559.66769403394,136297.14281666692,400619.66769403394,136357.14281666692,image_635.png,38.894791540189566,-76.99320269340814
401338.3671952315,136545.99560956145,401398.3671952315,136605.99560956145,image_636.png,38.897032429753715,-76.98422585523726
401115.1811866859,135605.7922072921,401175.1811866859,135665.7922072921,image_637.png,38.8885630487938,-76.98680024668964
401226.8693082067,135885.51771487365,401286.8693082067,135945.51771487365,image_638.png,38.891082768384614,-76.98551237921507
400406.9720263895,135957.35427331374,400466.9720263895,136017.35427331374,image_639.png,38.891730688681974,-76.99496308610527
400214.82459593157,136284.76225695407,400274.82459593157,136344.76225695407,image_640.png,38.89468017523671,-76.99717782531157
400704.9023195757,136850.60109722553,400764.9023195757,136910.60109722553,image_641.png,38.89977718375738,-76.99152793079375
399792.9800483519,136624.16213388366,399852.9800483519,136684.16213388366,image_642.png,38.89773762932697,-77.00204065541973
400546.7401854899,135614.15758773327,400606.7401854899,135674.15758773327,image_643.png,38.888638963952644,-76.99335228665848
399920.1180676305,136069.10890878557,399980.1180676305,136129.10890878557,image_644.png,38.89273752307122,-77.00057498999662
399793.1368947372,136287.65932648449,399853.1368947372,136347.65932648449,image_645.png,38.89470628940202,-77.00203876068811
401308.21056905616,136122.2838393666,401368.21056905616,136182.2838393666,image_646.png,38.89321552540266,-76.98457431752956
400441.5956826928,135939.23646338604,400501.5956826928,135999.23646338604,image_647.png,38.891567458822195,-76.99456399662033
400302.1020053424,135949.77797097832,400362.1020053424,136009.77797097832,image_648.png,38.89166248440419,-76.99617191146201
400984.1034881243,136862.4043909691,401044.1034881243,136922.4043909691,image_649.png,38.89988323430196,-76.98830923853592
400459.09795020096,135989.42961637475,400519.09795020096,136049.42961637475,image_650.png,38.892019607832935,-76.9943622152232
401226.8600948299,135827.80998884415,401286.8600948299,135887.80998884415,image_651.png,38.89056291567436,-76.9855125909793
400406.83818389114,136490.11217296627,400466.83818389114,136550.11217296627,image_652.png,38.89652996789425,-76.99496429013381
400983.8483945909,135938.03176088422,401043.8483945909,135998.03176088422,image_653.png,38.89155614830573,-76.98831354348697
400104.27579385764,135909.90425687123,400164.27579385764,135969.90425687123,image_654.png,38.89130333962291,-76.99845223144874
399793.15189116145,136445.6043585613,399853.15189116145,136505.6043585613,image_655.png,38.89612911603428,-77.00203862847829
400816.0821064334,136077.1143069119,400876.0821064334,136137.1143069119,image_656.png,38.89280923293617,-76.99024718541719
400104.284350136,136068.6943199832,400164.284350136,136128.6943199832,image_657.png,38.89273377946123,-76.9984521017869
400202.8517828609,135619.2024176534,400262.8517828609,135679.2024176534,image_658.png,38.88868456801509,-76.99731606548191
399877.418697118,136163.60522415987,399937.418697118,136223.60522415987,image_659.png,38.89358877733009,-77.00106719919803
400816.14210145664,136297.1843516102,400876.14210145664,136357.1843516102,image_660.png,38.89479170490637,-76.99024622281162
400012.0615910089,135702.95393759158,400072.0615910089,135762.95393759158,image_661.png,38.88943906302221,-76.99951517764461
400704.8738909704,136802.79771239762,400764.8738909704,136862.79771239762,image_662.png,38.899346553722914,-76.99152830966456
400704.5739667281,135852.38631240453,400764.5739667281,135912.38631240453,image_663.png,38.890784899904986,-76.99153278345081
400104.6819526677,136512.26437915742,400164.6819526677,136572.26437915742,image_664.png,38.896729621249165,-76.99844743165622
400476.5343987247,135567.62315195764,400536.5343987247,135627.62315195764,image_665.png,38.888219807466754,-76.99416153793037
400816.19183405326,136333.34951868802,400876.19183405326,136393.34951868802,image_666.png,38.895117493938685,-76.99024560498097
400406.9620256421,135990.0442799532,400466.9620256421,136050.0442799532,image_667.png,38.89202517240991,-76.9949631805919
400703.3820926308,135680.16422373397,400763.3820926308,135740.16422373397,image_668.png,38.88923345984417,-76.99154670565515
401308.2042505026,136081.64328361183,401368.2042505026,136141.64328361183,image_669.png,38.89284942026897,-76.98457446952374
400511.4220523435,135744.33423241758,400571.4220523435,135804.33423241758,image_670.png,38.88981166653026,-76.99375927349688
400607.70924761327,135911.4576572938,400667.70924761327,135971.4576572938,image_671.png,38.891317112198124,-76.99264925954625
399877.22847314837,135870.09978740383,399937.22847314837,135930.09978740383,image_672.png,38.890944771487234,-77.00106935230781
399793.0018841098,136755.52442149806,399853.0018841098,136815.52442149806,image_673.png,38.89892098826003,-77.00204043754829
400153.7574914618,135870.19546154674,400213.7574914618,135930.19546154674,image_674.png,38.89094561904618,-76.99788187705228
400012.3919284895,136755.32442642908,400072.3919284895,136815.32442642908,image_675.png,38.8989192034296,-76.99951130507787
400104.2712141843,136029.2192965963,400164.2712141843,136089.2192965963,image_676.png,38.892378173831176,-76.99845226091999
400011.81919244654,135539.21740341786,400071.81919244654,135599.21740341786,image_677.png,38.88796406268437,-76.99951798161364
400778.71259074425,136571.38927753293,400838.71259074425,136631.38927753293,image_678.png,38.89726187813954,-76.99067736312915
400899.81968571147,136580.01215311076,400959.81968571147,136640.01215311076,image_679.png,38.89733943637482,-76.98928125911036
400459.62643759145,136667.58024380723,400519.62643759145,136727.58024380723,image_680.png,38.89812863683535,-76.99435564007719
401227.0513399629,135660.5586389981,401287.0513399629,135720.5586389981,image_681.png,38.88905625258105,-76.98551069254859
400252.55912398093,135989.52583712083,400312.55912398093,136049.52583712083,image_682.png,38.892020565269085,-76.99674296825867
400881.8623399091,135845.3154586113,400941.8623399091,135905.3154586113,image_683.png,38.89072103700653,-76.98948924228267
399919.6869981185,136163.82546662804,399979.6869981185,136223.82546662804,image_684.png,38.893590764790666,-77.00057996587952
401227.3076259004,136667.60920841715,401287.3076259004,136727.60920841715,image_685.png,38.898128134965525,-76.98550589550565
400302.4417054032,136408.51126954297,400362.4417054032,136468.51126954297,image_686.png,38.895794922880654,-76.99616777381598
400510.842049392,135869.44425781228,400570.842049392,135929.44425781228,image_687.png,38.89093870476763,-76.99376586044704
401227.42817333114,136796.1914622834,401287.42817333114,136856.1914622834,image_688.png,38.899286450081235,-76.98550427047608
399919.83193513897,135828.32879109625,399979.83193513897,135888.32879109625,image_689.png,38.8905684862245,-77.00057827067
401309.1232079149,136000.3733025065,401369.1232079149,136060.3733025065,image_690.png,38.892117308778694,-76.98456403507124
399966.06771229295,135619.63727343583,400026.06771229295,135679.63727343583,image_691.png,38.88868851618649,-77.00004532498384
400156.4340887717,136297.36401618124,400216.4340887717,136357.36401618124,image_692.png,38.89479371082977,-76.99785090872219
400607.50084693206,136076.033942475,400667.50084693206,136136.033942475,image_693.png,38.8927996766104,-76.99265150903052
401102.79966939875,136162.86161968784,401162.79966939875,136222.86161968784,image_694.png,38.89358135370039,-76.98694204186639
400511.4920398236,136297.23434471144,400571.4920398236,136357.23434471144,image_695.png,38.89479239570203,-76.99375803101886
399792.7030074863,135949.62098550834,399852.7030074863,136009.62098550834,image_696.png,38.89166111506982,-77.00204367501786
400459.7105461733,136623.81861288068,400519.7105461733,136683.81861288068,image_697.png,38.89773441618513,-76.99435470167977
399919.7778336489,135539.49753572338,399979.7778336489,135599.49753572338,image_698.png,38.88796658578213,-77.00057887316865
