xmin,ymin,xmax,ymax,filename,lat,lng,center_x,center_y,overlap
400406.8426896414,136076.67911201532,400466.8426896414,136136.67911201532,image_0.png,38.89280561114396,-76.99496450108175,400436.8426896414,136106.67911201532,3
400459.1711342556,136297.76345272525,400519.1711342556,136357.76345272525,image_1.png,38.89479719277163,-76.99436115210047,400489.1711342556,136327.76345272525,3
400145.47797179164,136093.221392815,400205.47797179164,136153.221392815,image_2.png,38.892954721149444,-76.997977255876,400175.47797179164,136123.221392815,3
399750.18185602076,135744.75462879046,399810.18185602076,135804.75462879046,image_3.png,38.88981559285146,-77.00253374421243,399780.18185602076,135774.75462879046,3
400778.89516469196,136445.01551290424,400838.89516469196,136505.01551290424,image_4.png,38.896123457132916,-76.99067540726651,400808.89516469196,136475.01551290424,3
400104.25496173673,136108.1692970841,400164.25496173673,136168.1692970841,image_5.png,38.89308938465845,-76.99845243283364,400134.25496173673,136138.1692970841,3
400011.8019484271,135870.12424664682,400071.8019484271,135930.12424664682,image_6.png,38.890944995726215,-76.99951816024078,400041.8019484271,135900.12424664682,3
399919.84672072623,136136.36012612842,399979.84672072623,136196.36012612842,image_7.png,38.89334334687938,-77.00057812272694,399949.84672072623,136166.36012612842,3
400301.9920044153,135989.70427750447,400361.9920044153,136049.70427750447,image_8.png,38.892022155448586,-76.99617316013298,400331.9920044153,136019.70427750447,3
400656.02717680513,135989.12914396534,400716.02717680513,136049.12914396534,image_9.png,38.89201676945039,-76.9920922313807,400686.02717680513,136019.12914396534,3
400058.2087672375,136108.44915354662,400118.2087672375,136168.44915354662,image_10.png,38.89309191153492,-76.9989832107877,400088.2087672375,136138.44915354662,3
400104.2619644202,135989.74427303378,400164.2619644202,136049.74427303378,image_11.png,38.89202256817657,-76.9984523752558,400134.2619644202,136019.74427303378,3
400406.9220050344,136898.7144644925,400466.9220050344,136958.7144644925,image_12.png,38.900210804830294,-76.99496306398349,400436.9220050344,136928.7144644925,3
399756.31188708125,136296.64432747872,399816.31188708125,136356.64432747872,image_13.png,38.894787221407626,-77.00246325777069,399786.31188708125,136326.64432747872,3
399919.63250368537,136711.60730588523,399979.63250368537,136771.60730588523,image_14.png,38.89852538342592,-77.00058063420751,399949.63250368537,136741.60730588523,3
400104.510026861,136334.68583954952,400164.510026861,136394.68583954952,image_15.png,38.89512992897345,-76.99844944832898,400134.510026861,136364.68583954952,3
399664.98187826964,135870.16423879558,399724.98187826964,135930.16423879558,image_16.png,38.89094530407179,-77.00351586144988,399694.98187826964,135900.16423879558,3
399919.5419326062,135744.73421909142,399979.5419326062,135804.73421909142,image_17.png,38.889815435025895,-77.00058160729418,399949.5419326062,135774.73421909142,3
399793.0718944936,136297.95432857252,399853.0718944936,136357.95432857252,image_18.png,38.894799030544874,-77.00203951261919,399823.0718944936,136327.95432857252,3
400459.09795020096,135989.42961637475,400519.09795020096,136049.42961637475,image_19.png,38.892019607832935,-76.9943622152232,400489.09795020096,136019.42961637475,3
400354.3270731341,135744.39486752107,400414.3270731341,135804.39486752107,image_20.png,38.88981229546346,-76.99557003605412,400384.3270731341,135774.39486752107,3
400012.1504133252,136395.9581967928,400072.1504133252,136455.9581967928,image_21.png,38.89568190206388,-76.99951411131929,400042.1504133252,136425.9581967928,3
399920.1120232688,136029.39152468886,399980.1120232688,136089.39152468886,image_22.png,38.892379734163875,-77.0005750567861,399950.1120232688,136059.39152468886,3
400778.7654176396,136076.97766595893,400838.7654176396,136136.97766595893,image_23.png,38.89280803714586,-76.99067733619971,400808.7654176396,136106.97766595893,3
400741.9389822533,136754.90660575073,400801.9389822533,136814.90660575073,image_24.png,38.898915101634614,-76.99110107387959,400771.9389822533,136784.90660575073,3
400607.61293605994,136711.24888684694,400667.61293605994,136771.24888684694,image_25.png,38.898521924859146,-76.9926496274113,400637.61293605994,136741.24888684694,3
400511.8820370377,136423.6633703957,400571.8820370377,136483.6633703957,image_26.png,38.89593131438496,-76.99375343565957,400541.8820370377,136453.6633703957,3
399919.83193513897,135828.32879109625,399979.83193513897,135888.32879109625,image_27.png,38.8905684862245,-77.00057827067,399949.83193513897,135858.32879109625,3
400406.8461251882,136535.1101107688,400466.8461251882,136595.1101107688,image_28.png,38.896935325680076,-76.99496416997484,400436.8461251882,136565.1101107688,3
400511.14953560365,136667.5106880793,400571.14953560365,136727.5106880793,image_29.png,38.898127980044634,-76.9937616875054,400541.14953560365,136697.5106880793,3
400441.5956826928,135939.23646338604,400501.5956826928,135999.23646338604,image_30.png,38.891567458822195,-76.99456399662033,400471.5956826928,135969.23646338604,3
400104.28196713544,135869.98424871615,400164.28196713544,135929.98424871615,image_31.png,38.890943725311296,-76.99845216809268,400134.28196713544,135899.98424871615,3
400203.22170165525,135744.5220157913,400263.22170165525,135804.5220157913,image_32.png,38.889813493932934,-76.9973117591264,400233.22170165525,135774.5220157913,3
399665.8770030954,136809.08339628315,399725.8770030954,136869.08339628315,image_33.png,38.89940343198705,-77.0035059592354,399695.8770030954,136839.08339628315,3
399793.0018880782,136580.37438592996,399853.0018880782,136640.37438592996,image_34.png,38.897343173428176,-77.00204039237283,399823.0018880782,136610.37438592996,3
399966.0522264149,136755.45726453743,400026.0522264149,136815.45726453743,image_35.png,38.89892040109643,-77.00004551000642,399996.0522264149,136785.45726453743,3
400302.2331053181,136850.9176537923,400362.2331053181,136910.9176537923,image_36.png,38.89978027982729,-76.99616996449075,400332.2331053181,136880.9176537923,3
400058.3671041934,136580.20978200814,400118.3671041934,136640.20978200814,image_37.png,38.89734170399383,-76.9989813249434,400088.3671041934,136610.20978200814,3
400779.1935326055,135807.6112489906,400839.1935326055,135867.6112489906,image_38.png,38.89038148389591,-76.99067271855412,400809.1935326055,135837.6112489906,3
400302.09588602383,136478.6643472196,400362.09588602383,136538.6643472196,image_39.png,38.896426887520576,-76.99617172634024,400332.09588602383,136508.6643472196,3
400104.6419700479,135744.8242233005,400164.6419700479,135804.8242233005,image_40.png,38.88981623695547,-76.998448042963,400134.6419700479,135774.8242233005,3
400406.9720263895,135957.35427331374,400466.9720263895,136017.35427331374,image_41.png,38.891730688681974,-76.99496308610527,400436.9720263895,135987.35427331374,3
400104.61471078155,136546.15490431114,400164.61471078155,136606.15490431114,image_42.png,38.89703491942854,-76.99844820015701,400134.61471078155,136576.15490431114,3
400058.1169422053,135744.84774747607,400118.1169422053,135804.84774747607,image_43.png,38.88981645476423,-76.99898431589423,400088.1169422053,135774.84774747607,3
399792.9027631115,136711.73761486288,399852.9027631115,136771.73761486288,image_44.png,38.89852654089997,-77.00204156892825,399822.9027631115,136741.73761486288,3
399664.8464348592,136076.44371712182,399724.8464348592,136136.44371712182,image_45.png,38.892803546193356,-77.00351751428771,399694.8464348592,136106.44371712182,3
400104.08196043206,136164.13430844533,400164.08196043206,136224.13430844533,image_46.png,38.89359353816638,-76.9984544161106,400134.08196043206,136194.13430844533,3
400704.6725500767,136711.2395148389,400764.6725500767,136771.2395148389,image_47.png,38.89852176467359,-76.99153072866288,400734.6725500767,136741.2395148389,3
400406.51173370896,136623.810017035,400466.51173370896,136683.810017035,image_48.png,38.897734366776845,-76.99496796837583,400436.51173370896,136653.810017035,3
400302.22200395825,136012.13428206719,400362.22200395825,136072.13428206719,image_49.png,38.892224213166095,-76.99617049810443,400332.22200395825,136042.13428206719,3
400012.30623136315,136667.78433201177,400072.30623136315,136727.78433201177,image_50.png,38.89813061067523,-76.99951229838727,400042.30623136315,136697.78433201177,3
400252.79796166887,136755.01749204128,400312.79796166887,136815.01749204128,image_51.png,38.89891639398719,-76.99673990008552,400282.79796166887,136785.01749204128,3
400154.27195318736,136898.72484052283,400214.27195318736,136958.72484052283,image_52.png,38.900210987571924,-76.99787567110575,400184.27195318736,136928.72484052283,3
399664.90187555924,135989.2132629713,399724.90187555924,136049.2132629713,image_53.png,38.89201774195206,-77.00351683648448,399694.90187555924,136019.2132629713,3
400302.26198386325,136898.91446216026,400362.26198386325,136958.91446216026,image_54.png,38.90021265227116,-76.99616960835769,400332.26198386325,136928.91446216026,3
400559.4720987295,136580.2144032701,400619.4720987295,136640.2144032701,image_55.png,38.89734155242689,-76.99320470520921,400589.4720987295,136610.2144032701,3
400203.461552567,136445.2976302842,400263.461552567,136505.2976302842,image_56.png,38.8961263397021,-76.99730875634306,400233.461552567,136475.2976302842,3
400012.2341939949,136490.2308213358,400072.2341939949,136550.2308213358,image_57.png,38.896531144245266,-76.99951313974229,400042.2341939949,136520.2308213358,3
400607.50084693206,136076.033942475,400667.50084693206,136136.033942475,image_58.png,38.8927996766104,-76.99265150903052,400637.50084693206,136106.033942475,3
400704.8020685478,136754.99444205794,400764.8020685478,136814.99444205794,image_59.png,38.89891592472293,-76.99152918877536,400734.8020685478,136784.99444205794,3
400511.01945524197,135786.03658291095,400571.01945524197,135846.03658291095,image_60.png,38.89018733716638,-76.9937638812145,400541.01945524197,135816.03658291095,3
399665.30186760053,136344.09433505335,399725.30186760053,136404.09433505335,image_61.png,38.89521464163255,-77.00351238320654,399695.30186760053,136374.09433505335,3
400104.284350136,136068.6943199832,400164.284350136,136128.6943199832,image_62.png,38.89273377946123,-76.9984521017869,400134.284350136,136098.6943199832,3
399877.47508461634,136755.3454508813,399937.47508461634,136815.3454508813,image_63.png,38.89891938897825,-77.00106662890906,399907.47508461634,136785.3454508813,3
400252.55912398093,135989.52583712083,400312.55912398093,136049.52583712083,image_64.png,38.892020565269085,-76.99674296825867,400282.55912398093,136019.52583712083,3
400607.70924761327,135911.4576572938,400667.70924761327,135971.4576572938,image_65.png,38.891317112198124,-76.99264925954625,400637.70924761327,135941.4576572938,3
400104.2678470934,135949.82426484977,400164.2678470934,136009.82426484977,image_66.png,38.89166295391039,-76.99845231524813,400134.2678470934,135979.82426484977,3
400704.5739667281,135852.38631240453,400764.5739667281,135912.38631240453,image_67.png,38.890784899904986,-76.99153278345081,400734.5739667281,135882.38631240453,3
400302.31249731354,136305.99884174866,400362.31249731354,136365.99884174866,image_68.png,38.89487145346499,-76.99616931285152,400332.31249731354,136335.99884174866,3
399877.8352388037,136580.32438784253,399937.8352388037,136640.32438784253,image_69.png,38.89734273601479,-77.00106245356282,399907.8352388037,136610.32438784253,3
400104.4302319912,135828.2643122515,400164.4302319912,135888.2643122515,image_70.png,38.890567896528616,-76.99845046724651,400134.4302319912,135858.2643122515,3
399664.71187156386,136163.67429839753,399724.71187156386,136223.67429839753,image_71.png,38.89358935144315,-77.0035191041645,399694.71187156386,136193.67429839753,3
399665.76185837394,136755.47441860355,399725.76185837394,136815.47441860355,image_72.png,38.89892050298732,-77.00350726289119,399695.76185837394,136785.47441860355,3
400354.21678719897,135869.79325482278,400414.21678719897,135929.79325482278,image_73.png,38.89094193106481,-76.99557123714756,400384.21678719897,135899.79325482278,3
400459.68593187386,136711.34232359257,400519.68593187386,136771.34232359257,image_74.png,38.898522861421306,-76.99435492303743,400489.68593187386,136741.34232359257,3
400104.94194395223,136898.86445767677,400164.94194395223,136958.86445767677,image_75.png,38.90021225425009,-76.9984443586194,400134.94194395223,136928.86445767677,3
400778.9621080781,136297.14382718678,400838.9621080781,136357.14382718678,image_76.png,38.89479137484717,-76.99067480969845,400808.9621080781,136327.14382718678,3
399665.0542270133,136252.91433670983,399725.0542270133,136312.91433670983,image_77.png,38.894393258676494,-77.00351519739048,399695.0542270133,136282.91433670983,3
399919.8458841115,136346.95439160953,399979.8458841115,136406.95439160953,image_78.png,38.89524045744306,-77.0005781477448,399949.8458841115,136376.95439160953,3
400012.16194309696,136108.58429508188,400072.16194309696,136168.58429508188,image_79.png,38.893093132354096,-76.99951399604613,400042.16194309696,136138.58429508188,3
399877.4980532535,136297.5943304145,399937.4980532535,136357.5943304145,image_80.png,38.89479580048698,-77.00106630248821,399907.4980532535,136327.5943304145,3
400302.2020005279,136163.20431274775,400362.2020005279,136223.20431274775,image_81.png,38.893585107880845,-76.996170655636,400332.2020005279,136193.20431274775,3
400182.5570299246,136251.94020414553,400242.5570299246,136311.94020414553,image_82.png,38.8943845105255,-76.99754979445072,400212.5570299246,136281.94020414553,3
400704.4507090525,136395.85100207676,400764.4507090525,136455.85100207676,image_83.png,38.89568063062181,-76.9915336232298,400734.4507090525,136425.85100207676,3
399665.3848622563,136580.56438307714,399725.3848622563,136640.56438307714,image_84.png,38.897344850032965,-77.00351153134721,399695.3848622563,136610.56438307714,3
400459.46567292436,136445.40068495253,400519.46567292436,136505.40068495253,image_85.png,38.89612716279233,-76.99435765166079,400489.46567292436,136475.40068495253,3
400154.0586154447,136512.43321569968,400214.0586154447,136572.43321569968,image_86.png,38.896731133238546,-76.99787823401614,400184.0586154447,136542.43321569968,3
400511.50675812614,136207.9474635656,400571.50675812614,136267.9474635656,image_87.png,38.89398806665914,-76.99375793173263,400541.50675812614,136237.9474635656,3
399920.00250388857,136803.20641736258,399980.00250388857,136863.20641736258,image_88.png,38.89935054123498,-77.00057637552902,399950.00250388857,136833.20641736258,3
400607.9977524425,136395.97127950465,400667.9977524425,136455.97127950465,image_89.png,38.895681789416415,-76.99264548407405,400637.9977524425,136425.97127950465,3
399834.40027898055,136070.72798308363,399894.40027898055,136130.72798308363,image_90.png,38.8927520992492,-77.00156306091925,399864.40027898055,136100.72798308363,3
400704.38409138034,135744.44523681444,400764.38409138034,135804.44523681444,image_91.png,38.8898125264904,-76.99153508745911,400734.38409138034,135774.44523681444,3
400704.666682162,136252.5808045837,400764.666682162,136312.5808045837,image_92.png,38.894390000008016,-76.99153128681269,400734.666682162,136282.5808045837,3
399965.6919391002,135870.1242455997,400025.6919391002,135930.1242455997,image_93.png,38.89094499670005,-77.00004965785341,399995.6919391002,135900.1242455997,3
400406.7099122323,136119.99663950605,400466.7099122323,136179.99663950605,image_94.png,38.893195831510994,-76.99496600407643,400436.7099122323,136149.99663950605,3
400184.7172009533,136073.0523293998,400244.7172009533,136133.0523293998,image_95.png,38.89277302205753,-76.99752494945102,400214.7172009533,136103.0523293998,3
400354.43809807533,136163.1344024742,400414.43809807533,136223.1344024742,image_96.png,38.89358445681244,-76.9955685220181,400384.43809807533,136193.1344024742,3
400511.2820294031,136754.85443764378,400571.2820294031,136814.85443764378,image_97.png,38.89891480397494,-76.9937600913068,400541.2820294031,136784.85443764378,3
400656.3469869091,136580.17387461397,400716.3469869091,136640.17387461397,image_98.png,38.897341117031694,-76.99208795448004,400686.3469869091,136610.17387461397,3
399792.7419014087,135989.44426591467,399852.7419014087,136049.44426591467,image_99.png,38.89201985798328,-77.00204323696786,399822.7419014087,136019.44426591467,3
399691.44336891116,136899.1089285411,399751.44336891116,136959.1089285411,image_100.png,38.9002144227531,-77.00321126421272,399721.44336891116,136929.1089285411,3
400460.2720230525,136580.06440098965,400520.2720230525,136640.06440098965,image_101.png,38.89734026207443,-76.99434826029885,400490.2720230525,136610.06440098965,3
400704.8738909704,136802.79771239762,400764.8738909704,136862.79771239762,image_102.png,38.899346553722914,-76.99152830966456,400734.8738909704,136832.79771239762,3
400058.0420303036,135870.0315973008,400118.0420303036,135930.0315973008,image_103.png,38.89094415769172,-76.99898516332895,400088.0420303036,135900.0315973008,3
400607.8071167965,136252.4176737545,400667.8071167965,136312.4176737545,image_104.png,38.894388606074585,-76.99264781490072,400637.8071167965,136282.4176737545,3
400511.4920398236,136297.23434471144,400571.4920398236,136357.23434471144,image_105.png,38.89479239570203,-76.99375803101886,400541.4920398236,136327.23434471144,3
400511.2420467538,135989.32428217342,400571.2420467538,136049.32428217342,image_106.png,38.8920186283872,-76.99376115534926,400541.2420467538,136019.32428217342,3
400012.3919284895,136755.32442642908,400072.3919284895,136815.32442642908,image_107.png,38.8989192034296,-76.99951130507787,400042.3919284895,136785.32442642908,3
400208.48568238894,136297.4417428404,400268.48568238894,136357.4417428404,image_108.png,38.8947943984403,-76.99725089167838,400238.48568238894,136327.4417428404,3
400252.6673346756,136580.37024971299,400312.6673346756,136640.37024971299,image_109.png,38.89734310854053,-76.99674147782139,400282.6673346756,136610.37024971299,3
400302.2419871198,136754.9244329177,400362.2419871198,136814.9244329177,image_110.png,38.89891553838005,-76.99616990852938,400332.2419871198,136784.9244329177,3
400656.27238639863,136755.24735070282,400716.27238639863,136815.24735070282,image_111.png,38.89891824224149,-76.99208863955276,400686.27238639863,136785.24735070282,3
399792.6403406267,136087.07171867474,399852.6403406267,136147.07171867474,image_112.png,38.892899322233006,-77.00204443285156,399822.6403406267,136117.07171867474,3
400607.7520489225,136754.90443984006,400667.7520489225,136814.90443984006,image_113.png,38.89891518971741,-76.99264798319409,400637.7520489225,136784.90443984006,3
399920.1180676305,136069.10890878557,399980.1180676305,136129.10890878557,image_114.png,38.89273752307122,-77.00057498999662,399950.1180676305,136099.10890878557,3
399966.43208971893,136898.91087462913,400026.43208971893,136958.91087462913,image_115.png,38.90021268274089,-77.00004113168039,399996.43208971893,136928.91087462913,3
399792.52190407144,135869.97424164836,399852.52190407144,135929.97424164836,image_116.png,38.89094362750492,-77.00204574199516,399822.52190407144,135899.97424164836,3
400704.6791133645,136484.5915519152,400764.6791133645,136544.5915519152,image_117.png,38.89648003767004,-76.9915308953976,400734.6791133645,136514.5915519152,3
400511.12737875886,136711.183913799,400571.12737875886,136771.183913799,image_118.png,38.89852140424779,-76.99376190852372,400541.12737875886,136741.183913799,3
400476.28661282646,135921.2442699902,400536.28661282646,135981.2442699902,image_119.png,38.89140535915596,-76.99416413341679,400506.28661282646,135951.2442699902,3
400608.02217736933,135780.37098532898,400668.02217736933,135840.37098532898,image_120.png,38.89013623429828,-76.99264577419798,400638.02217736933,135810.37098532898,3
399792.59692555043,136019.14467268088,399852.59692555043,136079.14467268088,image_121.png,38.89228741023811,-77.0020449157595,399822.59692555043,136049.14467268088,3
400741.68080079404,136163.19322127654,400801.68080079404,136223.19322127654,image_122.png,38.89358473204481,-76.99110471487568,400771.68080079404,136193.19322127654,3
400252.5118591881,135744.5240430375,400312.5118591881,135804.5240430375,image_123.png,38.88981349773788,-76.99674361381531,400282.5118591881,135774.5240430375,3
399877.8550199557,136898.89203345042,399937.8550199557,136958.89203345042,image_124.png,38.90021250819053,-77.00106226826354,399907.8550199557,136928.89203345042,3
399919.7419219152,136218.27431526588,399979.7419219152,136278.27431526588,image_125.png,38.8940812600789,-77.00057933674744,399949.7419219152,136248.27431526588,3
399752.36049248977,136023.9713175819,399812.36049248977,136083.9713175819,image_126.png,38.892330881404845,-77.00250872050206,399782.36049248977,136053.9713175819,3
400203.2310936648,135869.8546268652,400263.2310936648,135929.8546268652,image_127.png,38.890942536947406,-76.99731160832482,400233.2310936648,135899.8546268652,3
400406.9967224798,136406.99983201423,400466.9967224798,136466.99983201423,image_128.png,38.89578126154274,-76.99496251542854,400436.9967224798,136436.99983201423,3
400511.2754938654,136536.46762812498,400571.2754938654,136596.46762812498,image_129.png,38.89694749659214,-76.99376033872683,400541.2754938654,136566.46762812498,3
399792.7030074863,135949.62098550834,399852.7030074863,136009.62098550834,image_130.png,38.89166111506982,-77.00204367501786,399822.7030074863,135979.62098550834,3
400559.4649264553,136163.4035303134,400619.4649264553,136223.4035303134,image_131.png,38.89358676764915,-76.99320514553119,400589.4649264553,136193.4035303134,3
399708.85446030693,135995.88412277633,399768.85446030693,136055.88412277633,image_132.png,38.892077849688114,-77.00301020183967,399738.85446030693,136025.88412277633,3
399665.2936965028,136624.29207423364,399725.2936965028,136684.29207423364,image_133.png,38.89773876489085,-77.00351260168058,399695.2936965028,136654.29207423364,3
399920.1219244732,136108.82629304868,399980.1219244732,136168.82629304868,image_134.png,38.89309531195729,-77.00057494842216,399950.1219244732,136138.82629304868,3
400354.59198730567,136898.80974518842,400414.59198730567,136958.80974518842,image_135.png,38.90021168760567,-76.99556633624776,400384.59198730567,136928.80974518842,3
400559.66769403394,136297.14281666692,400619.66769403394,136357.14281666692,image_136.png,38.894791540189566,-76.99320269340814,400589.66769403394,136327.14281666692,3
400406.83192324376,136252.48094901713,400466.83192324376,136312.48094901713,image_137.png,38.894389298919236,-76.9949645134058,400436.83192324376,136282.48094901713,3
400203.1413795495,136163.5578808856,400263.1413795495,136223.5578808856,image_138.png,38.89358832480493,-76.99731254277067,400233.1413795495,136193.5578808856,3
399919.6925004933,136191.08429435152,399979.6925004933,136251.08429435152,image_139.png,38.8938363223574,-77.00057990444881,399949.6925004933,136221.08429435152,3
400203.6019467877,136898.74929258155,400263.6019467877,136958.74929258155,image_140.png,38.900211196119685,-76.99730698373675,400233.6019467877,136928.74929258155,3
399835.2237948172,135989.77281417692,399895.2237948172,136049.77281417692,image_141.png,38.892022825207086,-77.0015535523536,399865.2237948172,136019.77281417692,3
400406.8520311833,135744.5542300926,400466.8520311833,135804.5542300926,image_142.png,38.88981370653089,-76.99496460457352,400436.8520311833,135774.5542300926,3
400104.71534085873,136408.4458338167,400164.71534085873,136468.4458338167,image_143.png,38.89579438594847,-76.9984470671272,400134.71534085873,136438.4458338167,3
400302.54299586435,136371.85735513055,400362.54299586435,136431.85735513055,image_144.png,38.89546473098503,-76.99616662393161,400332.54299586435,136401.85735513055,3
400741.8307021789,136543.31972416973,400801.8307021789,136603.31972416973,image_145.png,38.89700905056885,-76.99110255986875,400771.8307021789,136573.31972416973,3
400058.4271030891,136755.23001161322,400118.4271030891,136815.23001161322,image_146.png,38.89891834948152,-76.99898061076055,400088.4271030891,136785.23001161322,3
399664.9238632619,135909.84730919442,399724.9238632619,135969.84730919442,image_147.png,38.89130278393847,-77.00351654779344,399694.9238632619,135939.84730919442,3
400012.3067622354,136535.23765850122,400072.3067622354,136595.23765850122,image_148.png,38.896936582200766,-76.99951230043054,400042.3067622354,136565.23765850122,3
400510.93370107666,135827.74024254692,400570.93370107666,135887.74024254692,image_149.png,38.890563019375804,-76.99376483683633,400540.93370107666,135857.74024254692,3
400406.85201866034,136297.0643423031,400466.85201866034,136357.0643423031,image_150.png,38.894790922484226,-76.99496425341052,400436.85201866034,136327.0643423031,3
399793.0880819904,136201.47102797916,399853.0880819904,136261.47102797916,image_151.png,38.89392987351782,-77.00203930117475,399823.0880819904,136231.47102797916,3
400103.88095923606,136215.27631882904,400163.88095923606,136275.27631882904,image_152.png,38.894054244265945,-76.99845672311692,400133.88095923606,136245.27631882904,3
399664.96068737976,135786.5907401107,399724.96068737976,135846.5907401107,image_153.png,38.89019244276934,-77.00351606860795,399694.96068737976,135816.5907401107,3
400559.7420790373,135744.31368615894,400619.7420790373,135804.31368615894,image_154.png,38.88981145035674,-76.9932023104783,400589.7420790373,135774.31368615894,3
400302.18474941386,136062.49034079438,400362.18474941386,136122.49034079438,image_155.png,38.89267783921699,-76.99617090318817,400332.18474941386,136092.49034079438,3
400542.54569582094,135877.97206256882,400602.54569582094,135937.97206256882,image_156.png,38.891015506337475,-76.99340041401196,400572.54569582094,135907.97206256882,3
400779.07589694386,136754.81918354225,400839.07589694386,136814.81918354225,image_157.png,38.89891428070774,-76.99067295898186,400809.07589694386,136784.81918354225,3
400302.0829025013,136624.5394632544,400362.0829025013,136684.5394632544,image_158.png,38.897740983545056,-76.99617180549153,400332.0829025013,136654.5394632544,3
400104.38048940507,136624.204111879,400164.38048940507,136684.204111879,image_159.png,38.89773801503222,-76.99845088492609,400134.38048940507,136654.204111879,3
399665.68527647,136862.68153224632,399725.68527647,136922.68153224632,image_160.png,38.89988626317277,-77.00350819322355,399695.68527647,136892.68153224632,3
399966.4619440575,135989.69023013813,400026.4619440575,136049.69023013813,image_161.png,38.89202209158322,-77.00004078283013,399996.4619440575,136019.69023013813,3
400221.1635094742,136272.08277106774,400281.1635094742,136332.08277106774,image_162.png,38.894565951985086,-76.99710475917871,400251.1635094742,136302.08277106774,3
400203.43591784674,136512.17417778948,400263.43591784674,136572.17417778948,image_163.png,38.89672878800566,-76.99730902912398,400233.43591784674,136542.17417778948,3
399664.769016248,136120.0590079217,399724.769016248,136180.0590079217,image_164.png,38.893196448829876,-77.00351842607144,399694.769016248,136150.0590079217,3
400104.46194710716,136755.25442850115,400164.46194710716,136815.25442850115,image_165.png,38.89891856360143,-76.99844992024363,400134.46194710716,136785.25442850115,3
399920.092103258,136851.0407020847,399980.092103258,136911.0407020847,image_166.png,38.899781449657155,-77.00057534609506,399950.092103258,136881.0407020847,3
400406.9620256421,135990.0442799532,400466.9620256421,136050.0442799532,image_167.png,38.89202517240991,-76.9949631805919,400436.9620256421,136020.0442799532,3
399919.71192010917,136297.64433138183,399979.71192010917,136357.64433138183,image_168.png,38.89479625434239,-77.00057968839512,399949.71192010917,136327.64433138183,3
399750.13089467294,135989.25789281688,399810.13089467294,136049.25789281688,image_169.png,38.89201816944103,-77.00253440986366,399780.13089467294,136019.25789281688,3
399876.2512803424,136092.64375054734,399936.2512803424,136152.64375054734,image_170.png,38.89294953004882,-77.00108064651123,399906.2512803424,136122.64375054734,3
400406.6701374361,136667.51810184307,400466.6701374361,136727.51810184307,image_171.png,38.89812810493891,-76.99496611454101,400436.6701374361,136697.51810184307,3
400012.3437028803,136711.55439919245,400072.3437028803,136771.55439919245,image_172.png,38.89852490724648,-76.99951186372166,400042.3437028803,136741.55439919245,3
399665.30186530645,136445.27435559928,399725.30186530645,136505.27435559928,image_173.png,38.896126108230476,-77.0035124281094,399695.30186530645,136475.27435559928,3
399742.2254300447,136899.0916843523,399802.2254300447,136959.0916843523,image_174.png,38.90021428203664,-77.00262583705407,399772.2254300447,136929.0916843523,3
400608.06207189546,135744.24423459003,400668.06207189546,135804.24423459003,image_175.png,38.889810790970174,-76.99264534789852,400638.06207189546,135774.24423459003,3
400704.9023195757,136850.60109722553,400764.9023195757,136910.60109722553,image_176.png,38.89977718375738,-76.99152793079375,400734.9023195757,136880.60109722553,3
400656.3518912486,136898.46071905666,400716.3518912486,136958.46071905666,image_177.png,38.90020835963432,-76.99208757992211,400686.3518912486,136928.46071905666,3
400252.80677227804,136445.23010237273,400312.80677227804,136505.23010237273,image_178.png,38.896125716896385,-76.99673992605176,400282.80677227804,136475.23010237273,3
400459.64201896026,136755.10443652212,400519.64201896026,136815.10443652212,image_179.png,38.898917086335686,-76.99435539806973,400489.64201896026,136785.10443652212,3
399710.7822408543,136297.7062457867,399770.7822408543,136357.7062457867,image_180.png,38.89479677531117,-77.00298809436023,399740.7822408543,136327.7062457867,3
400406.9090170472,136368.8853568963,400466.9090170472,136428.8853568963,image_181.png,38.895437912463365,-76.99496355069397,400436.9090170472,136398.8853568963,3
400607.62116160337,136119.39914482407,400667.62116160337,136179.39914482407,image_182.png,38.893190326296676,-76.99265008191355,400637.62116160337,136149.39914482407,3
400704.5420899982,135806.79424948143,400764.5420899982,135866.79424948143,image_183.png,38.89037418960009,-76.99153319962578,400734.5420899982,135836.79424948143,3
399792.8319069732,135744.79421622973,399852.8319069732,135804.79421622973,image_184.png,38.88981595909925,-77.00204213639735,399822.8319069732,135774.79421622973,3
400704.2134120615,136033.09920098018,400764.2134120615,136093.09920098018,image_185.png,38.892412829110356,-76.99153674634285,400734.2134120615,136063.09920098018,3
399793.0018841098,136755.52442149806,399853.0018841098,136815.52442149806,image_186.png,38.89892098826003,-77.00204043754829,399823.0018841098,136785.52442149806,3
400543.87799698825,136440.39331129534,400603.87799698825,136500.39331129534,image_187.png,38.89608200349171,-76.99338458712563,400573.87799698825,136470.39331129534,3
400012.475567981,136803.1577579398,400072.475567981,136863.1577579398,image_188.png,38.89935010328903,-76.99951033792252,400042.475567981,136833.1577579398,3
399835.2054938902,136163.31277894974,399895.2054938902,136223.31277894974,image_189.png,38.89358613741677,-77.00155379735455,399865.2054938902,136193.31277894974,3
400302.4417054032,136408.51126954297,400362.4417054032,136468.51126954297,image_190.png,38.895794922880654,-76.99616777381598,400332.4417054032,136438.51126954297,3
400607.71446044504,135950.3811471799,400667.71446044504,136010.3811471799,image_191.png,38.89166774947315,-76.9926491633313,400637.71446044504,135980.3811471799,3
400704.5901859071,135897.9791137028,400764.5901859071,135957.9791137028,image_192.png,38.8911956168448,-76.99153254775123,400734.5901859071,135927.9791137028,3
400406.58375195443,135786.32194704423,400466.58375195443,135846.32194704423,image_193.png,38.8901899658981,-76.99496767036712,400436.58375195443,135816.32194704423,3
399792.5319000199,136048.84527797377,399852.5319000199,136108.84527797377,image_194.png,38.892554964284805,-77.00204567297716,399822.5319000199,136078.84527797377,3
400375.85876617435,135981.94185283448,400435.85876617435,136041.94185283448,image_195.png,38.891952197647264,-76.9953217096697,400405.85876617435,136011.94185283448,3
400441.88947632763,136387.16495338522,400501.88947632763,136447.16495338522,image_196.png,38.89560256367126,-76.99456030244657,400471.88947632763,136417.16495338522,3
400012.2819354899,136445.22436344973,400072.2819354899,136505.22436344973,image_197.png,38.896125709671374,-76.99951259216596,400042.2819354899,136475.22436344973,3
399966.1413354831,136108.70695292857,400026.1413354831,136168.70695292857,image_198.png,38.893094238303874,-77.00004447912272,399996.1413354831,136138.70695292857,3
400607.9800473107,135816.49773782346,400667.9800473107,135876.49773782346,image_199.png,38.89046167762517,-76.99264622626954,400637.9800473107,135846.49773782346,3
400154.1127158426,136371.8573517654,400214.1127158426,136431.8573517654,image_200.png,38.895464774571884,-76.99787764803992,400184.1127158426,136401.8573517654,3
400252.7068229926,135869.94177380612,400312.7068229926,135929.94177380612,image_201.png,38.8909433074819,-76.99674131495176,400282.7068229926,135899.94177380612,3
399707.91669180914,136445.788360592,399767.91669180914,136505.788360592,image_202.png,38.896130752312594,-77.0030211830456,399737.91669180914,136475.788360592,3
400656.2216100332,136297.24854799776,400716.2216100332,136357.24854799776,image_203.png,38.89479242258936,-76.99208968240964,400686.2216100332,136327.24854799776,3
400607.84205931437,136297.24434689464,400667.84205931437,136357.24434689464,image_204.png,38.894792421177726,-76.99264737048946,400637.84205931437,136327.24434689464,3
399920.04439177504,136396.26434568077,399980.04439177504,136456.26434568077,image_205.png,38.89568465955603,-77.00057586304852,399950.04439177504,136426.26434568077,3
400012.10737688927,135909.99423914752,400072.10737688927,135969.99423914752,image_206.png,38.891304159462635,-76.99951463720602,400042.10737688927,135939.99423914752,3
400153.7706349477,136668.49104392275,400213.7706349477,136728.49104392275,image_207.png,38.89813695880072,-76.99788151201062,400183.7706349477,136698.49104392275,3
399665.40401533816,136668.0195700809,399725.40401533816,136728.0195700809,image_208.png,38.89813267803148,-77.0035113493333,399695.40401533816,136698.0195700809,3
400559.47530853376,135989.70327660904,400619.47530853376,136049.70327660904,image_209.png,38.89202201149178,-76.99320517488918,400589.47530853376,136019.70327660904,3
400511.82203645416,136449.07437555786,400571.82203645416,136509.07437555786,image_210.png,38.896160226026396,-76.99375410727662,400541.82203645416,136479.07437555786,3
400406.9305119983,135913.6015826653,400466.9305119983,135973.6015826653,image_211.png,38.89133654818877,-76.99496359245977,400436.9305119983,135943.6015826653,3
400511.74142207805,136252.5911783495,400571.74142207805,136312.5911783495,image_212.png,38.894390233516006,-76.99375519150564,400541.74142207805,136282.5911783495,3
400252.67170364584,136163.38477584033,400312.67170364584,136223.38477584033,image_213.png,38.893586750880175,-76.9967415990321,400282.67170364584,136193.38477584033,3
400252.9319154591,136898.9030334742,400312.9319154591,136958.9030334742,image_214.png,38.90021256657925,-76.9967382965986,400282.9319154591,136928.9030334742,3
400406.5620121866,136580.1043997805,400466.5620121866,136640.1043997805,image_215.png,38.897340650712096,-76.9949674165496,400436.5620121866,136610.1043997805,3
399877.7178892582,135989.7525211525,399937.7178892582,136049.7525211525,image_216.png,38.892022647887565,-77.00106372701163,399907.7178892582,136019.7525211525,3
400223.99551559053,136052.9599755049,400283.99551559053,136112.9599755049,image_217.png,38.892592012224895,-76.99707219476352,400253.99551559053,136082.9599755049,3
400011.5919502767,135786.57769381136,400071.5919502767,135846.57769381136,image_218.png,38.890192377178785,-76.99952058589012,400041.5919502767,135816.57769381136,3
399920.18892110145,136624.07288213872,399980.18892110145,136684.07288213872,image_219.png,38.89773684172712,-77.00057421350554,399950.18892110145,136654.07288213872,3
400656.0371105701,136163.1243228489,400716.0371105701,136223.1243228489,image_220.png,38.89358418238772,-76.99209194313364,400686.0371105701,136193.1243228489,3
400607.76391673624,136802.80445140888,400667.76391673624,136862.80445140888,image_221.png,38.89934669024912,-76.99264780190924,400637.76391673624,136832.80445140888,3
400640.2670709975,136490.45298031406,400700.2670709975,136550.45298031406,image_222.png,38.89653289102235,-76.99227340748244,400670.2670709975,136520.45298031406,3
400104.7719542048,136445.03436551229,400164.7719542048,136505.03436551229,image_223.png,38.896123988786634,-76.99844640733812,400134.7719542048,136475.03436551229,3
400354.51701413887,136445.11577927723,400414.51701413887,136505.11577927723,image_224.png,38.89612464842768,-76.99556745451389,400384.51701413887,136475.11577927723,3
400511.0220333151,136580.16440216455,400571.0220333151,136640.16440216455,image_225.png,38.89734113315233,-76.99376322612983,400541.0220333151,136610.16440216455,3
399920.22191686323,136445.57436143528,399980.22191686323,136505.57436143528,image_226.png,38.89612886218837,-77.00057382020184,399950.22191686323,136475.57436143528,3
400607.7020662683,135989.30428435566,400667.7020662683,136049.30428435566,image_227.png,38.8920183835619,-76.99264927006999,400637.7020662683,136019.30428435566,3
399793.1880038373,136239.41775059208,399853.1880038373,136299.41775059208,image_228.png,38.89427171157701,-77.00203815912053,399823.1880038373,136269.41775059208,3
399664.97263859527,135828.37748925926,399724.97263859527,135888.37748925926,image_229.png,38.890568873431775,-77.00351594940194,399694.97263859527,135858.37748925926,3
400058.7619594665,136898.88132534965,400118.7619594665,136958.88132534965,image_230.png,38.900212412076236,-76.99897673196764,400088.7619594665,136928.88132534965,3
400302.3637605063,136112.84827369713,400362.3637605063,136172.84827369713,image_231.png,38.893131482032985,-76.99616881536421,400332.3637605063,136142.84827369713,3
400607.7691451919,136623.9387523499,400667.7691451919,136683.9387523499,image_232.png,38.897735403496135,-76.99264790770056,400637.7691451919,136653.9387523499,3
399708.174498748,136755.7825194048,399768.174498748,136815.7825194048,image_233.png,38.89892329212605,-77.00301832931088,399738.174498748,136785.7825194048,3
399792.8237814446,136125.29797942145,399852.8237814446,136185.29797942145,image_234.png,38.89324367855422,-77.00204232817892,399822.8237814446,136155.29797942145,3
400741.71614124643,136579.93477152332,400801.71614124643,136639.93477152332,image_235.png,38.89733889230614,-76.99110383936102,400771.71614124643,136609.93477152332,3
399834.6884137909,136255.75373142213,399894.6884137909,136315.75373142213,image_236.png,38.89441887946372,-77.0015597760245,399864.6884137909,136285.75373142213,3
400511.6223996664,136339.3773556836,400571.6223996664,136399.3773556836,image_237.png,38.89517203531012,-76.99375649508997,400541.6223996664,136369.3773556836,3
400779.0306472296,136162.9308776882,400839.0306472296,136222.9308776882,image_238.png,38.89358233517836,-76.99067417767377,400809.0306472296,136192.9308776882,3
400012.5796194423,136029.35158094842,400072.5796194423,136089.35158094842,image_239.png,38.89237937472019,-76.99950918636934,400042.5796194423,136059.35158094842,3
400704.9020653173,136898.40447118797,400764.9020653173,136958.40447118797,image_240.png,38.900207813684744,-76.99152788258093,400734.9020653173,136928.40447118797,3
399792.9856524758,136347.1709993942,399852.9856524758,136407.1709993942,image_241.png,38.89524239233427,-77.00204051944269,399822.9856524758,136377.1709993942,3
399792.9800483519,136624.16213388366,399852.9800483519,136684.16213388366,image_242.png,38.89773762932697,-77.00204065541973,399822.9800483519,136654.16213388366,3
400559.552040209,136898.6429530341,400619.552040209,136958.6429530341,image_243.png,38.9002100715146,-76.99320351037157,400589.552040209,136928.6429530341,3
400511.3513463475,136032.81893642174,400571.3513463475,136092.81893642174,image_244.png,38.892410444298434,-76.99375986119244,400541.3513463475,136062.81893642174,3
400704.68345145433,136623.72936829337,400764.68345145433,136683.72936829337,image_245.png,38.897733441634664,-76.99153069658506,400734.68345145433,136653.72936829337,3
400459.1119918854,136898.62959484768,400519.1119918854,136958.62959484768,image_246.png,38.90021001280404,-76.99436140603446,400489.1119918854,136928.62959484768,3
400252.8139948426,136512.0857501958,400312.8139948426,136572.0857501958,image_247.png,38.89672797691884,-76.99673981526978,400282.8139948426,136542.0857501958,3
400153.9072668871,136755.09902793358,400213.9072668871,136815.09902793358,image_248.png,38.89891715474327,-76.99787991374538,400183.9072668871,136785.09902793358,3
399919.74996074423,136257.95931250905,399979.74996074423,136317.95931250905,image_249.png,38.894438757125876,-77.00057924698463,399949.74996074423,136287.95931250905,3
400012.7119458978,135989.7342709582,400072.7119458978,136049.7342709582,image_250.png,38.89202248728883,-76.99950766351027,400042.7119458978,136019.7342709582,3
400302.7582011031,136207.98921159204,400362.7582011031,136267.98921159204,image_251.png,38.89398854653927,-76.99616422253351,400332.7582011031,136237.98921159204,3
400337.2288966516,136332.5765512116,400397.2288966516,136392.5765512116,image_252.png,38.895110861320326,-76.99576680459724,400367.2288966516,136362.5765512116,3
399919.71190973517,136755.37442433985,399979.71190973517,136815.37442433985,image_253.png,38.89891965341253,-77.00057972202227,399949.71190973517,136785.37442433985,3
400406.82843024854,136711.22618705317,400466.82843024854,136771.22618705317,image_254.png,38.89852184307695,-76.99496426196434,400436.82843024854,136741.22618705317,3
400741.55343574914,135989.5361103069,400801.55343574914,136049.5361103069,image_255.png,38.89202036465449,-76.99110637805161,400771.55343574914,136019.5361103069,3
400104.6819526677,136512.26437915742,400164.6819526677,136572.26437915742,image_256.png,38.896729621249165,-76.99844743165622,400134.6819526677,136542.26437915742,3
399793.016483437,136803.2544482484,399853.016483437,136863.2544482484,image_257.png,38.89935095751981,-77.00204028154458,399823.016483437,136833.2544482484,3
400302.13410398166,135909.851100633,400362.13410398166,135969.851100633,image_258.png,38.891302808287286,-76.99617156076702,400332.13410398166,135939.851100633,3
400302.0819910547,136580.07439740736,400362.0819910547,136640.07439740736,image_259.png,38.897340426117445,-76.99617183749368,400332.0819910547,136610.07439740736,3
400104.7541118052,136803.12398714505,400164.7541118052,136863.12398714505,image_260.png,38.89934978976719,-76.99844654277302,400134.7541118052,136833.12398714505,3
399664.8346922391,135949.53036113386,399724.8346922391,136009.53036113386,image_261.png,38.891660263605495,-77.00351759327444,399694.8346922391,135979.53036113386,3
400656.22378084966,135744.1742356703,400716.22378084966,135804.1742356703,image_262.png,38.88981012412071,-76.99209020979636,400686.22378084966,135774.1742356703,3
400153.69491495896,135989.90628126537,400213.69491495896,136049.90628126537,image_263.png,38.892024018667676,-76.9978825663486,400183.69491495896,136019.90628126537,3
399665.32854992995,136490.37103101177,399725.32854992995,136550.37103101177,image_264.png,38.89653235552328,-77.00351214050099,399695.32854992995,136520.37103101177,3
400012.58192527335,136898.82445557474,400072.58192527335,136958.82445557474,image_265.png,38.90021190322299,-76.99950910589583,400042.58192527335,136928.82445557474,3
400458.5476400076,135869.72852185322,400518.5476400076,135929.72852185322,image_266.png,38.89094129613963,-76.99436864371087,400488.5476400076,135899.72852185322,3
400012.55318458925,136850.9911007609,400072.55318458925,136910.9911007609,image_267.png,38.899781003217434,-76.99950944018822,400042.55318458925,136880.9911007609,3
399793.15189116145,136445.6043585613,399853.15189116145,136505.6043585613,image_268.png,38.89612911603428,-77.00203862847829,399823.15189116145,136475.6043585613,3
400778.71259074425,136571.38927753293,400838.71259074425,136631.38927753293,image_269.png,38.89726187813954,-76.99067736312915,400808.71259074425,136601.38927753293,3
399793.16148381506,136490.52753063646,399853.16148381506,136550.52753063646,image_270.png,38.896533800338545,-77.00203852946235,399823.16148381506,136520.52753063646,3
399665.33963857783,136394.684254457,399725.33963857783,136454.684254457,image_271.png,38.89567037414448,-77.00351197023988,399695.33963857783,136424.684254457,3
400302.1919926174,136512.16438361912,400362.1919926174,136572.16438361912,image_272.png,38.896728668004855,-76.99617060226099,400332.1919926174,136542.16438361912,3
399965.56695576635,135744.728981916,400025.56695576635,135804.728981916,image_273.png,38.88981538928426,-77.00005109769346,399995.56695576635,135774.728981916,3
400704.55297077796,135943.57191741746,400764.55297077796,136003.57191741746,image_274.png,38.891606333821244,-76.99153292797749,400734.55297077796,135973.57191741746,3
399707.4958651631,135870.2677036654,399767.4958651631,135930.2677036654,image_275.png,38.89094624984403,-77.00302581425343,399737.4958651631,135900.2677036654,3
400406.3116625268,135828.08963488557,400466.3116625268,135888.08963488557,image_276.png,38.89056622497999,-76.99497078011197,400436.3116625268,135858.08963488557,3
400104.2556777407,136711.8095512956,400164.2556777407,136771.8095512956,image_277.png,38.89852719651631,-76.99845230661168,400134.2556777407,136741.8095512956,3
400476.869935608,136405.44454987417,400536.869935608,136465.44454987417,image_278.png,38.89576721348234,-76.9941570523378,400506.869935608,136435.44454987417,3
399707.9121222397,136580.62166893468,399767.9121222397,136640.62166893468,image_279.png,38.89734537979255,-77.00302128716278,399737.9121222397,136610.62166893468,3
399966.2519770529,136445.42183401002,400026.2519770529,136505.42183401002,image_280.png,38.89612748956704,-77.00004320558583,399996.2519770529,136475.42183401002,3
400559.51815232827,136754.90528159644,400619.51815232827,136814.90528159644,image_281.png,38.89891523097054,-76.99320402439717,400589.51815232827,136784.90528159644,3
400704.7720725104,136579.9744065143,400764.7720725104,136639.9744065143,image_282.png,38.89733928100846,-76.99152972177802,400734.7720725104,136609.9744065143,3
400406.9320083018,136754.93443529494,400466.9320083018,136814.93443529494,image_283.png,38.8989155826831,-76.99496304011983,400436.9320083018,136784.93443529494,3
400742.06872731715,136898.43352115838,400802.06872731715,136958.43352115838,image_284.png,38.90020804351915,-76.99109941685543,400772.06872731715,136928.43352115838,3
400203.5894758499,136371.8573528871,400263.5894758499,136431.8573528871,image_285.png,38.89546476282756,-76.99730730667027,400233.5894758499,136401.8573528871,3
400058.48696926335,135989.6937635579,400118.48696926335,136049.6937635579,image_286.png,38.8920221189675,-76.99898001922661,400088.48696926335,136019.6937635579,3
399707.4718489526,136163.68080416252,399767.4718489526,136223.68080416252,image_287.png,38.89358942385864,-77.0030262031978,399737.4718489526,136193.68080416252,3
400406.87670554034,136802.8610770587,400466.87670554034,136862.8610770587,image_288.png,38.899347323146,-76.99496364716985,400436.87670554034,136832.8610770587,3
400011.59195122233,135744.80422118874,400071.59195122233,135804.80422118874,image_289.png,38.88981606609518,-76.9995205884079,400041.59195122233,135774.80422118874,3
399919.79159637477,135909.97425469366,399979.79159637477,135969.97425469366,image_290.png,38.89130397900991,-77.00057874160787,399949.79159637477,135939.97425469366,3
399750.5345816387,136445.83520174996,399810.5345816387,136505.83520174996,image_291.png,38.89613118594748,-77.0025299024559,399780.5345816387,136475.83520174996,3
400301.96410208265,135786.26981242394,400361.96410208265,135846.26981242394,image_292.png,38.890189541978366,-76.99617358005148,400331.96410208265,135816.26981242394,3
399665.5868578017,136711.74697964592,399725.5868578017,136771.74697964592,image_293.png,38.898526590392244,-77.00350926092304,399695.5868578017,136741.74697964592,3
400607.9220529122,136580.2844043848,400667.9220529122,136640.2844043848,image_294.png,38.89734214919853,-76.99264618554571,400637.9220529122,136610.2844043848,3
400406.8820153114,136445.11437237178,400466.8820153114,136505.11437237178,image_295.png,38.896124611289466,-76.99496381347785,400436.8820153114,136475.11437237178,3
400012.31193884544,136297.42433343633,400072.31193884544,136357.42433343633,image_296.png,38.89479427294027,-76.99951225540336,400042.31193884544,136327.42433343633,3
400104.31194904866,136668.3644108514,400164.31194904866,136728.3644108514,image_297.png,38.89813582699236,-76.99845166641316,400134.31194904866,136698.3644108514,3
400704.6020788887,136297.1243490704,400764.6020788887,136357.1243490704,image_298.png,38.89479126466321,-76.99153198388345,400734.6020788887,136327.1243490704,3
400574.21206219064,135870.23425941294,400634.21206219064,135930.23425941294,image_299.png,38.89094578012842,-76.9930354108121,400604.21206219064,135900.23425941294,3
400704.1320837865,136077.0343043606,400764.1320837865,136137.0343043606,image_300.png,38.89280861285745,-76.99153763686476,400734.1320837865,136107.0343043606,3
400354.54571757675,136297.16586054373,400414.54571757675,136357.16586054373,image_301.png,38.89479186143418,-76.99556720644901,400384.54571757675,136327.16586054373,3
399792.8219060278,135786.5212172358,399852.8219060278,135846.5212172358,image_302.png,38.89019185154704,-77.00204226243372,399822.8219060278,135816.5212172358,3
400263.0958295956,136032.522271668,400323.0958295956,136092.522271668,image_303.png,38.892407889650734,-76.99662149432817,400293.0958295956,136062.522271668,3
400011.6682786457,135828.35107998608,400071.6682786457,135888.35107998608,image_304.png,38.89056868745507,-76.99951970354957,400041.6682786457,135858.35107998608,3
400656.2113474775,136445.18389174895,400716.2113474775,136505.18389174895,image_305.png,38.89612507827802,-76.99208965294156,400686.2113474775,136475.18389174895,3
399920.0393192361,136667.8408228573,399980.0393192361,136727.8408228573,image_306.png,38.898131119163466,-77.0005759412732,399950.0393192361,136697.8408228573,3
399835.5085518921,136445.5814254617,399895.5085518921,136505.5814254617,image_307.png,38.89612891694513,-77.00155035921631,399865.5085518921,136475.5814254617,3
399792.9918975167,136163.52430127616,399852.9918975167,136223.52430127616,image_308.png,38.89358803540181,-77.00204040013674,399822.9918975167,136193.52430127616,3
400301.8020099377,135744.4442276876,400361.8020099377,135804.4442276876,image_309.png,38.88981276151063,-76.9961754686219,400331.8020099377,135774.4442276876,3
399834.8749973713,135870.07965918013,399894.8749973713,135930.07965918013,image_310.png,38.89094458467519,-77.00155754936814,399864.8749973713,135900.07965918013,3
400607.7803996812,136850.70446217014,400667.7803996812,136910.70446217014,image_311.png,38.89977819073691,-76.99264756741826,400637.7803996812,136880.70446217014,3
400672.57113943534,136507.28797369084,400732.57113943534,136567.28797369084,image_312.png,38.89668452154452,-76.99190100083548,400702.57113943534,136537.28797369084,3
400058.3251980549,136219.09543052275,400118.3251980549,136279.09543052275,image_313.png,38.89408865398682,-76.99898185445583,400088.3251980549,136249.09543052275,3
400104.6359558354,136371.8573506439,400164.6359558354,136431.8573506439,image_314.png,38.89546478353157,-76.99844798940974,400134.6359558354,136401.8573506439,3
400153.8366565747,136580.29954894248,400213.8366565747,136640.29954894248,image_315.png,38.897342497865914,-76.99788077452185,400183.8366565747,136610.29954894248,3
400511.18204280373,136163.30431750714,400571.18204280373,136223.30431750714,image_316.png,38.89358590495225,-76.9937617099645,400541.18204280373,136193.30431750714,3
399919.63192312425,136163.8943042201,399979.63192312425,136223.8943042201,image_317.png,38.893591384901924,-77.00058060074268,399949.63192312425,136193.8943042201,3
400406.672021657,136163.31431513574,400466.672021657,136223.31431513574,image_318.png,38.89358605313841,-76.99496641331207,400436.672021657,136193.31431513574,3
400104.74398773874,136478.64936755717,400164.74398773874,136538.64936755717,image_319.png,38.89642680498041,-76.9984467231301,400134.74398773874,136508.64936755717,3
399920.25378655887,136490.48435495043,399980.25378655887,136550.48435495043,image_320.png,38.89653342777535,-77.0005734560739,399950.25378655887,136520.48435495043,3
400302.15198905516,136669.0044154681,400362.15198905516,136729.0044154681,image_321.png,38.89814153989465,-76.99617098757375,400332.15198905516,136699.0044154681,3
400607.45238128497,136667.59343680443,400667.45238128497,136727.59343680443,image_322.png,38.898128660916214,-76.99265151879027,400637.45238128497,136697.59343680443,3
400575.9232931262,136457.02822071567,400635.9232931262,136517.02822071567,image_323.png,38.89623183531758,-76.99301516839022,400605.9232931262,136487.02822071567,3
399877.418697118,136163.60522415987,399937.418697118,136223.60522415987,image_324.png,38.89358877733009,-77.00106719919803,399907.418697118,136193.60522415987,3
400104.0548596277,136256.39544087803,400164.0548596277,136316.39544087803,image_325.png,38.89442466041082,-76.99845471050327,400134.0548596277,136286.39544087803,3
399919.77637139836,135786.53138467783,399979.77637139836,135846.53138467783,image_326.png,38.89019195955807,-77.00057890807959,399949.77637139836,135816.53138467783,3
399966.0120089364,136297.57338256759,400026.0120089364,136357.57338256759,image_327.png,38.894795616638724,-77.0000459709761,399996.0120089364,136327.57338256759,3
400511.0848469344,136623.83744894687,400571.0848469344,136683.83744894687,image_328.png,38.8977345557465,-76.99376246762957,400541.0848469344,136653.83744894687,3
399750.5887929604,136755.74582638795,399810.5887929604,136815.74582638795,image_329.png,38.898922973191965,-77.00252937651672,399780.5887929604,136785.74582638795,3
400704.35208582075,135989.16428651704,400764.35208582075,136049.16428651704,image_330.png,38.89201704698949,-76.99153519481477,400734.35208582075,136019.16428651704,3
400607.8946265416,136527.14618385947,400667.8946265416,136587.14618385947,image_331.png,38.89686346083359,-76.9926465510536,400637.8946265416,136557.14618385947,3
400459.7105461733,136623.81861288068,400519.7105461733,136683.81861288068,image_332.png,38.89773441618513,-76.99435470167977,400489.7105461733,136653.81861288068,3
400741.8655650003,135807.3571119425,400801.8655650003,135867.3571119425,image_333.png,38.89037922809929,-76.99110298483085,400771.8655650003,135837.3571119425,3
400012.3119324368,136580.2443908708,400072.3119324368,136640.2443908708,image_334.png,38.89734201918618,-76.9995122380579,400042.3119324368,136610.2443908708,3
400704.33208186936,136163.4943219196,400764.33208186936,136223.4943219196,image_335.png,38.893587476461335,-76.99153523906809,400734.33208186936,136193.4943219196,3
400511.30202615174,136898.6144668412,400571.30202615174,136958.6144668412,image_336.png,38.9002098459368,-76.99375974749724,400541.30202615174,136928.6144668412,3
400511.747633715,136381.52038305558,400571.747633715,136441.52038305558,image_337.png,38.8955516750435,-76.99375501823218,400541.747633715,136411.52038305558,3
400012.4684723827,136068.96897995035,400072.4684723827,136128.96897995035,image_338.png,38.892736262929866,-76.99951046510832,400042.4684723827,136098.96897995035,3
400302.18200717395,135869.92425318243,400362.18200717395,135929.92425318243,image_339.png,38.89094313234783,-76.99617102790076,400332.18200717395,135899.92425318243,3
400511.21784218063,136076.31408175622,400571.21784218063,136136.31408175622,image_340.png,38.89280226475588,-76.99376136582718,400541.21784218063,136106.31408175622,3
399835.0685857081,135744.80715000865,399895.0685857081,135804.80715000865,image_341.png,38.88981608310849,-77.00155529332643,399865.0685857081,135774.80715000865,3
400704.63493693096,136667.48447342505,400764.63493693096,136727.48447342505,image_342.png,38.89812760349097,-76.99153120905899,400734.63493693096,136697.48447342505,3
400012.4125310503,135949.86423375178,400072.4125310503,136009.86423375178,image_343.png,38.89166332319515,-76.99951111729762,400042.4125310503,135979.86423375178,3
400203.23219721066,136668.50178815104,400263.23219721066,136728.50178815104,image_344.png,38.898137043857034,-76.99731132447094,400233.23219721066,136698.50178815104,3
400510.9320486505,135903.16426466795,400570.9320486505,135963.16426466795,image_345.png,38.89124246710173,-76.99376479650223,400540.9320486505,135933.16426466795,3
400459.1366251756,135744.34003439156,400519.1366251756,135804.34003439156,image_346.png,38.889811749441144,-76.99436194390258,400489.1366251756,135774.34003439156,3
400406.87314808485,136033.3614862477,400466.87314808485,136093.3614862477,image_347.png,38.89241538991554,-76.99496417753096,400436.87314808485,136063.3614862477,3
399966.11964357446,136218.69522864395,400026.11964357446,136278.69522864395,image_348.png,38.894085053249526,-77.00004472978824,399996.11964357446,136248.69522864395,3
400511.2554263544,135946.24322987127,400571.2554263544,136006.24322987127,image_349.png,38.89163053825345,-76.99376103506262,400541.2554263544,135976.24322987127,3
400302.3934831785,136252.7767432488,400362.3934831785,136312.7767432488,image_350.png,38.89439200923448,-76.99616840504845,400332.3934831785,136282.7767432488,3
400372.0747961654,136350.71975896304,400432.0747961654,136410.71975896304,image_351.png,38.8952742867325,-76.99536511126047,400402.0747961654,136380.71975896304,3
399707.5318053363,135744.71205076342,399767.5318053363,135804.71205076342,image_352.png,38.889815197594295,-77.00302535201821,399737.5318053363,135774.71205076342,3
400741.6584248326,136445.0257837675,400801.6584248326,136505.0257837675,image_353.png,38.89612358313143,-76.99110465624398,400771.6584248326,136475.0257837675,3
400778.75782099087,135989.5409668995,400838.75782099087,136049.5409668995,image_354.png,38.89202037496575,-76.99067752669279,400808.75782099087,136019.5409668995,3
400655.3946237879,135828.01053785376,400715.3946237879,135888.01053785376,image_355.png,38.890565353543124,-76.99209968348406,400685.3946237879,135858.01053785376,3
400302.1020053424,135949.77797097832,400362.1020053424,136009.77797097832,image_356.png,38.89166248440419,-76.99617191146201,400332.1020053424,135979.77797097832,3
399835.2380944884,136755.3785403351,399895.2380944884,136815.3785403351,image_357.png,38.898919681599594,-77.00155353770664,399865.2380944884,136785.3785403351,3
400704.95407382015,136523.96839514642,400764.95407382015,136583.96839514642,image_358.png,38.89683475836942,-76.99152768362927,400734.95407382015,136553.96839514642,3
400704.93160868896,136551.9715127055,400764.93160868896,136611.9715127055,image_359.png,38.89708702064512,-76.99152791264146,400734.93160868896,136581.9715127055,3
400012.18349119544,136346.69134676488,400072.18349119544,136406.69134676488,image_360.png,38.895238088257386,-76.99951373303945,400042.18349119544,136376.69134676488,3
400104.3819574685,136297.51433553666,400164.3819574685,136357.51433553666,image_361.png,38.89479507445948,-76.99845093190788,400134.3819574685,136327.51433553666,3
400741.4486902764,136076.87655400624,400801.4486902764,136136.87655400624,image_362.png,38.89280715983,-76.99110748737249,400771.4486902764,136106.87655400624,3
400704.4220754949,136445.2143791422,400764.4220754949,136505.2143791422,image_363.png,38.89612531396456,-76.99153390053056,400734.4220754949,136475.2143791422,3
399793.20189498086,136277.36432439648,399853.20189498086,136337.36432439648,image_364.png,38.89461354825763,-77.00203800875897,399823.20189498086,136307.36432439648,3
399793.06478517165,136535.45093999445,399853.06478517165,136595.45093999445,image_365.png,38.896938486729795,-77.00203965573934,399823.06478517165,136565.45093999445,3
399835.4185483494,136580.32438688076,399895.4185483494,136640.32438688076,image_366.png,38.8973427305357,-77.00155142313541,399865.4185483494,136610.32438688076,3
400344.7020130504,135989.994278533,400404.7020130504,136049.994278533,image_367.png,38.8920247507193,-76.99568084581857,400374.7020130504,136019.994278533,3
400406.83818389114,136490.11217296627,400466.83818389114,136550.11217296627,image_368.png,38.89652996789425,-76.99496429013381,400436.83818389114,136520.11217296627,3
400104.5759038507,135786.54437135084,400164.5759038507,135846.54437135084,image_369.png,38.89019206768145,-76.99844879630672,400134.5759038507,135816.54437135084,3
399920.21192718844,135989.6742688461,399980.21192718844,136049.6742688461,image_370.png,38.89202194639528,-77.00057390231932,399950.21192718844,136019.6742688461,3
399750.00991373113,135870.275612653,399810.00991373113,135930.275612653,image_371.png,38.890946332757395,-77.00253576630249,399780.00991373113,135900.275612653,3
400153.93212407094,135744.75357196105,400213.93212407094,135804.75357196105,image_372.png,38.88981559157134,-76.99787989769007,400183.93212407094,135774.75357196105,3
400012.4016145822,136258.2242677499,400072.4016145822,136318.2242677499,image_373.png,38.89444114435359,-76.99951122409902,400042.4016145822,136288.2242677499,3
399750.45694775635,136580.53178523784,399810.45694775635,136640.53178523784,image_374.png,38.897344581742445,-77.00253084043274,399780.45694775635,136610.53178523784,3
400607.77105529123,136474.00838279977,400667.77105529123,136534.00838279977,image_375.png,38.8963847762763,-76.99264802487671,400637.77105529123,136504.00838279977,3
399664.83550002263,136208.29446709852,399724.83550002263,136268.29446709852,image_376.png,38.8939913064048,-77.0035176988995,399694.83550002263,136238.29446709852,3
399876.1311192245,136234.05933022834,399936.1311192245,136294.05933022834,image_377.png,38.89422345372529,-77.00108205093665,399906.1311192245,136264.05933022834,3
400302.17078117206,136802.92092053566,400362.17078117206,136862.92092053566,image_378.png,38.899347908039225,-76.99617070618325,400332.17078117206,136832.92092053566,3
399919.5819297733,135870.1242445593,399979.5819297733,135930.1242445593,image_379.png,38.890944995255516,-77.00058115546602,399949.5819297733,135900.1242445593,3
400302.2239909369,136546.1192461811,400362.2239909369,136606.1192461811,image_380.png,38.89703454573641,-76.99617021697404,400332.2239909369,136576.1192461811,3
400253.06623585714,136371.85735400883,400313.06623585714,136431.85735400883,image_381.png,38.89546474829861,-76.9967369653008,400283.06623585714,136401.85735400883,3
400144.02840459876,136231.64954408718,400204.02840459876,136291.64954408718,image_382.png,38.89420173327178,-76.99799393005094,400174.02840459876,136261.64954408718,3
399750.2319387396,136163.62146050055,399810.2319387396,136223.62146050055,image_383.png,38.893588900998424,-77.00253330091343,399780.2319387396,136193.62146050055,3
400406.8598451309,136850.7877867995,400466.8598451309,136910.7877867995,image_384.png,38.899779064168825,-76.99496381105772,400436.8598451309,136880.7877867995,3
399919.999392704,135949.82427476996,399979.999392704,136009.82427476996,image_385.png,38.89166296283099,-77.00057634928375,399949.999392704,135979.82427476996,3
399793.0185698862,136396.38780533153,399853.0185698862,136456.38780533153,image_386.png,38.895685755329886,-77.00204015266895,399823.0185698862,136426.38780533153,3
399792.94128139736,136667.949874344,399852.94128139736,136727.949874344,image_387.png,38.89813208512705,-77.00204111360476,399822.94128139736,136697.949874344,3
399664.92371443653,136032.82842607534,399724.92371443653,136092.82842607534,image_388.png,38.89241064352728,-77.00351660411664,399694.92371443653,136062.82842607534,3
400354.5877417493,136755.19801304035,400414.5877417493,136815.19801304035,image_389.png,38.898917981545516,-76.99556646559714,400384.5877417493,136785.19801304035,3
400302.2176582284,136711.96437396394,400362.2176582284,136771.96437396394,image_390.png,38.89852853869045,-76.99617020977007,400332.2176582284,136741.96437396394,3
400704.40407001146,135775.61975801087,400764.40407001146,135835.61975801087,image_391.png,38.89009335823539,-76.99153482385343,400734.40407001146,135805.61975801087,3
400607.80204567075,136898.60446902565,400667.80204567075,136958.60446902565,image_392.png,38.90020969115244,-76.99264727340368,400637.80204567075,136928.60446902565,3
400510.842049392,135869.44425781228,400570.842049392,135929.44425781228,image_393.png,38.89093870476763,-76.99376586044704,400540.842049392,135899.44425781228,3
400302.56753288524,136343.14495360572,400362.56753288524,136403.14495360572,image_394.png,38.89520607915547,-76.99616635498158,400332.56753288524,136373.14495360572,3
400012.268759846,136624.0142648311,400072.268759846,136684.0142648311,image_395.png,38.89773631407622,-76.99951273304809,400042.268759846,136654.0142648311,3
400203.35253723984,136754.9283453408,400263.35253723984,136814.9283453408,image_396.png,38.898915605437935,-76.99730990784462,400233.35253723984,136784.9283453408,3
400607.7758288471,136207.59099489797,400667.7758288471,136267.59099489797,image_397.png,38.89398479088838,-76.99264821717993,400637.7758288471,136237.59099489797,3
400302.1519941285,136445.16437001064,400362.1519941285,136505.16437001064,image_398.png,38.896125107495784,-76.99617109574488,400332.1519941285,136475.16437001064,3
400154.11644805537,136445.31039778906,400214.11644805537,136505.31039778906,image_399.png,38.89612646643622,-76.99787758533098,400184.11644805537,136475.31039778906,3
400704.1900027589,136120.2643421098,400764.1900027589,136180.2643421098,image_400.png,38.89319804496893,-76.99153692303383,400734.1900027589,136150.2643421098,3
400607.742062343,136162.764319583,400667.742062343,136222.764319583,image_401.png,38.893580975706946,-76.99264864802528,400637.742062343,136192.764319583,3
399792.72903047345,135828.2479269166,399852.72903047345,135888.2479269166,image_402.png,38.890567741328894,-77.00204334373949,399822.72903047345,135858.2479269166,3
400354.3220052422,136580.12436231552,400414.3220052422,136640.12436231552,image_403.png,38.89734085493288,-76.99556962696127,400384.3220052422,136610.12436231552,3
399792.84486102726,136850.98551897745,399852.84486102726,136910.98551897745,image_404.png,38.89978093611351,-77.00204227233276,399822.84486102726,136880.98551897745,3
399793.00188086496,136898.7144505752,399853.00188086496,136958.7144505752,image_405.png,38.90021089547027,-77.00204047448197,399823.00188086496,136928.7144505752,3
399877.86523436464,136445.57753262945,399937.86523436464,136505.57753262945,image_406.png,38.896128887336786,-77.001062089709,399907.86523436464,136475.57753262945,3
400607.41506098857,136032.66865021025,400667.41506098857,136092.66865021025,image_407.png,38.892409026062076,-76.99265253812047,400637.41506098857,136062.66865021025,3
400104.2712141843,136029.2192965963,400164.2712141843,136089.2192965963,image_408.png,38.892378173831176,-76.99845226091999,400134.2712141843,136059.2192965963,3
399877.22847314837,135870.09978740383,399937.22847314837,135930.09978740383,image_409.png,38.890944771487234,-77.00106935230781,399907.22847314837,135900.09978740383,3
400156.4340887717,136297.36401618124,400216.4340887717,136357.36401618124,image_410.png,38.89479371082977,-76.99785090872219,400186.4340887717,136327.36401618124,3
400104.86194502393,136850.99430432942,400164.86194502393,136910.99430432942,image_411.png,38.89978102276111,-76.99844529026376,400134.86194502393,136880.99430432942,3
399664.8818810882,135744.80421333716,399724.8818810882,135804.80421333716,image_412.png,38.889816014061964,-77.003516958421,399694.8818810882,135774.80421333716,3
400608.00205599447,136445.3343769764,400668.00205599447,136505.3343769764,image_413.png,38.89612647021381,-76.99264538862103,400638.00205599447,136475.3343769764,3
400104.4219510724,136580.04439291978,400164.4219510724,136640.04439291978,image_414.png,38.89734020827294,-76.99845041560432,400134.4219510724,136610.04439291978,3
400203.12666794943,135989.69786251368,400263.12666794943,136049.69786251368,image_415.png,38.892022129435766,-76.99731277134795,400233.12666794943,136019.69786251368,3
400203.2518680013,136580.45037580066,400263.2518680013,136640.45037580066,image_416.png,38.89734384484611,-76.99731112760607,400233.2518680013,136610.45037580066,3
399665.3742097792,136535.4677076465,399725.3742097792,136595.4677076465,image_417.png,38.89693860280432,-77.00351163414864,399695.3742097792,136565.4677076465,3
399920.27049659716,136535.39438885383,399980.27049659716,136595.39438885383,image_418.png,38.89693799369617,-77.00057326669776,399950.27049659716,136565.39438885383,3
399710.82352052815,136320.4012324,399770.82352052815,136380.4012324,image_419.png,38.89500122008393,-77.00298762707679,399740.82352052815,136350.4012324,3
400104.27579385764,135909.90425687123,400164.27579385764,135969.90425687123,image_420.png,38.89130333962291,-76.99845223144874,400134.27579385764,135939.90425687123,3
400058.3469837097,136297.43081443346,400118.3469837097,136357.43081443346,image_421.png,38.89479432790243,-76.99898159325373,400088.3469837097,136327.43081443346,3
399966.2819221769,136580.27221389432,400026.2819221769,136640.27221389432,image_422.png,38.8973422708365,-77.00004286112126,399996.2819221769,136610.27221389432,3
400012.52194066625,136219.02431752192,400072.52194066625,136279.02431752192,image_423.png,38.894088016783414,-76.99950983949105,400042.52194066625,136249.02431752192,3
400058.52699562494,136445.07815424062,400118.52699562494,136505.07815424062,image_424.png,38.896124389124836,-76.99897949916686,400088.52699562494,136475.07815424062,3
400607.8320692028,135861.15711547478,400667.8320692028,135921.15711547478,image_425.png,38.890863986081314,-76.99264789050332,400637.8320692028,135891.15711547478,3
399835.42809227866,136898.87514448917,399895.42809227866,136958.87514448917,image_426.png,38.90021235057744,-77.00155137552099,399865.42809227866,136928.87514448917,3
400406.2520282286,135869.854255525,400466.2520282286,135929.854255525,image_427.png,38.89094245630093,-76.99497144097882,400436.2520282286,135899.854255525,3
399920.2519138184,136580.30438879936,399980.2519138184,136640.30438879936,image_428.png,38.897342559279906,-77.00057348416672,399950.2519138184,136610.30438879936,3
400458.9258815055,136163.27144193076,400518.9258815055,136223.27144193076,image_429.png,38.89358563941252,-76.9943640749292,400488.9258815055,136193.27144193076,3
400153.7574914618,135870.19546154674,400213.7574914618,135930.19546154674,image_430.png,38.89094561904618,-76.99788187705228,400183.7574914618,135900.19546154674,3
400459.62643759145,136667.58024380723,400519.62643759145,136727.58024380723,image_431.png,38.89812863683535,-76.99435564007719,400489.62643759145,136697.58024380723,3
400741.7820936801,136297.1327658011,400801.7820936801,136357.1327658011,image_432.png,38.89479130862941,-76.99110339679049,400771.7820936801,136327.1327658011,3
400511.5329426904,136492.7708766991,400571.5329426904,136552.7708766991,image_433.png,38.89655386020552,-76.9937574053803,400541.5329426904,136522.7708766991,3
399792.6063348813,135909.7976277264,399852.6063348813,135969.7976277264,image_434.png,38.89130237142494,-77.00204477906598,399822.6063348813,135939.7976277264,3
400259.76998902374,136292.22533798998,400319.76998902374,136352.22533798998,image_435.png,38.89474739174333,-76.99665972164297,400289.76998902374,136322.22533798998,3
400779.2353851358,136898.50610300477,400839.2353851358,136958.50610300477,image_436.png,38.90020866393282,-76.99067095112409,400809.2353851358,136928.50610300477,3
399665.2318686404,136297.53432559772,399725.2318686404,136357.53432559772,image_437.png,38.8947952119797,-77.00351316945877,399695.2318686404,136327.53432559772,3
399835.28427678254,136297.64917062622,399895.28427678254,136357.64917062622,image_438.png,38.89479628905233,-77.00155291555376,399865.28427678254,136327.64917062622,3
400704.5249995164,136346.4876678376,400764.5249995164,136406.4876678376,image_439.png,38.89523594759155,-76.99153281962599,400734.5249995164,136376.4876678376,3
400406.82999892556,136332.97495193602,400466.82999892556,136392.97495193602,image_440.png,38.895114418430076,-76.99496448440584,400436.82999892556,136362.97495193602,3
400302.06276204885,135828.09703371706,400362.06276204885,135888.09703371706,image_441.png,38.890566337187735,-76.99617242262201,400332.06276204885,135858.09703371706,3
400511.0914284581,136119.80924849136,400571.0914284581,136179.80924849136,image_442.png,38.8931940853746,-76.99376278874622,400541.0914284581,136149.80924849136,3
399877.30525621504,135744.76669404985,399937.30525621504,135804.76669404985,image_443.png,38.88981572413383,-77.00106845034148,399907.30525621504,135774.76669404985,3
400252.6937121885,136668.60525733882,400312.6937121885,136728.60525733882,image_444.png,38.89813796143031,-76.99674113743686,400282.6937121885,136698.60525733882,3
400406.76093416405,136207.8976204836,400466.76093416405,136267.8976204836,image_445.png,38.893987675934255,-76.99496536006065,400436.76093416405,136237.8976204836,3
400153.6113196877,136163.78007125144,400213.6113196877,136223.78007125144,image_446.png,38.89359033811772,-76.99788348347542,400183.6113196877,136193.78007125144,3
399920.28190659784,136898.874453494,399980.28190659784,136958.874453494,image_447.png,38.90021235324749,-77.00057316147449,399950.28190659784,136928.874453494,3
400607.90942766337,136346.60783098888,400667.90942766337,136406.60783098888,image_448.png,38.895237105482494,-76.99264654807443,400637.90942766337,136376.60783098888,3
400511.4220523435,135744.33423241758,400571.4220523435,135804.33423241758,image_449.png,38.88981166653026,-76.99375927349688,400541.4220523435,135774.33423241758,3
400104.1828873975,136136.15184062015,400164.1828873975,136196.15184062015,image_450.png,38.893341461756854,-76.99845325817482,400134.1828873975,136166.15184062015,3
400704.503900284,136208.03756052282,400764.503900284,136268.03756052282,image_451.png,38.89398873822061,-76.99153321086843,400734.503900284,136238.03756052282,3
